Date,NAV
2007-04-04,103.03
2007-04-05,103.06
2007-04-09,103.11
2007-04-10,103.13
2007-04-11,103.26
2007-04-12,103.32
2007-04-13,103.37
2007-04-16,103.54
2007-04-17,103.68
2007-04-18,103.78
2007-04-19,103.84
2007-04-20,103.96
2007-04-23,104.18
2007-04-24,104.27
2007-04-25,104.35
2007-04-26,104.4
2007-04-27,104.43
2007-04-30,104.52
2007-05-01,104.29
2007-05-02,104.22
2007-05-03,104.23
2007-05-04,104.35
2007-05-07,104.45
2007-05-08,104.45
2007-05-09,104.51
2007-05-10,104.6
2007-05-11,104.65
2007-05-14,104.75
2007-05-15,104.78
2007-05-16,104.79
2007-05-17,104.83
2007-05-18,104.81
2007-05-21,104.91
2007-05-22,104.85
2007-05-23,104.93
2007-05-24,104.91
2007-05-25,104.92
2007-05-29,104.95
2007-05-30,104.93
2007-05-31,104.87
2007-06-01,104.28
2007-06-04,104.28
2007-06-05,104.17
2007-06-06,104.14
2007-06-07,103.79
2007-06-08,103.42
2007-06-11,103.35
2007-06-12,103.0
2007-06-13,102.71
2007-06-14,102.59
2007-06-15,102.71
2007-06-18,102.79
2007-06-19,102.9
2007-06-20,102.74
2007-06-21,102.62
2007-06-22,102.54
2007-06-25,102.47
2007-06-26,102.34
2007-06-27,102.16
2007-06-28,101.69
2007-06-29,101.74
2007-07-02,101.02
2007-07-03,100.96
2007-07-05,100.83
2007-07-06,100.8
2007-07-09,100.85
2007-07-10,100.86
2007-07-11,100.66
2007-07-12,100.22
2007-07-13,100.47
2007-07-16,100.79
2007-07-17,100.97
2007-07-18,100.8
2007-07-19,100.56
2007-07-20,100.42
2007-07-23,100.0
2007-07-24,99.29
2007-07-25,98.54
2007-07-26,98.36
2007-07-27,97.92
2007-07-30,96.61
2007-07-31,96.58
2007-08-01,96.43
2007-08-02,96.42
2007-08-03,96.98
2007-08-06,97.06
2007-08-07,97.18
2007-08-08,97.48
2007-08-09,98.16
2007-08-10,98.23
2007-08-13,98.32
2007-08-14,98.59
2007-08-15,98.62
2007-08-16,98.38
2007-08-17,98.03
2007-08-20,98.11
2007-08-21,98.12
2007-08-22,98.61
2007-08-23,98.93
2007-08-24,98.88
2007-08-27,99.29
2007-08-28,99.34
2007-08-29,99.34
2007-08-30,99.3
2007-08-31,99.35
2007-09-04,98.8
2007-09-05,98.94
2007-09-06,99.13
2007-09-07,99.23
2007-09-10,99.23
2007-09-11,99.23
2007-09-12,99.26
2007-09-13,99.3
2007-09-14,99.34
2007-09-17,99.6
2007-09-18,99.83
2007-09-19,100.34
2007-09-20,100.88
2007-09-21,100.96
2007-09-24,101.46
2007-09-25,101.49
2007-09-26,101.57
2007-09-27,101.69
2007-09-28,101.8
2007-10-01,101.16
2007-10-02,101.11
2007-10-03,101.18
2007-10-04,101.48
2007-10-05,101.7
2007-10-08,101.76
2007-10-09,101.9
2007-10-10,102.13
2007-10-11,102.3
2007-10-12,102.43
2007-10-15,102.44
2007-10-16,102.42
2007-10-17,102.12
2007-10-18,101.97
2007-10-19,101.72
2007-10-22,101.48
2007-10-23,101.44
2007-10-24,101.53
2007-10-25,101.53
2007-10-26,101.57
2007-10-29,101.69
2007-10-30,101.72
2007-10-31,101.72
2007-11-01,101.09
2007-11-02,100.78
2007-11-05,100.66
2007-11-06,100.55
2007-11-07,100.46
2007-11-08,100.17
2007-11-09,100.17
2007-11-12,100.23
2007-11-13,99.73
2007-11-14,99.6
2007-11-15,99.56
2007-11-16,99.23
2007-11-19,98.89
2007-11-20,98.3
2007-11-21,97.9
2007-11-23,97.63
2007-11-26,97.61
2007-11-27,97.71
2007-11-28,97.82
2007-11-29,98.15
2007-11-30,98.52
2007-12-03,98.22
2007-12-04,98.22
2007-12-05,98.16
2007-12-06,98.36
2007-12-07,98.41
2007-12-10,98.66
2007-12-11,98.87
2007-12-12,98.99
2007-12-13,98.99
2007-12-14,98.89
2007-12-17,98.832082
2007-12-18,98.684009
2007-12-19,98.639377
2007-12-20,98.631211
2007-12-21,98.582284
2007-12-24,98.765998
2007-12-26,98.799742
2007-12-27,98.311639
2007-12-28,98.334151
2007-12-31,98.529749
2008-01-02,98.461518
2008-01-03,98.400985
2008-01-04,98.16074
2008-01-07,97.595806
2008-01-08,97.096347
2008-01-09,96.731802
2008-01-10,96.208633
2008-01-11,96.292858
2008-01-14,96.468322
2008-01-15,96.489432
2008-01-16,96.494415
2008-01-17,96.20372
2008-01-18,95.885143
2008-01-22,95.653567
2008-01-23,95.713853
2008-01-24,95.1329
2008-01-25,95.392759
2008-01-28,95.919569
2008-01-29,96.195076
2008-01-30,96.399987
2008-01-31,96.499395
2008-02-01,95.94662
2008-02-04,96.064704
2008-02-05,96.172808
2008-02-06,95.965028
2008-02-07,95.804437
2008-02-08,95.387483
2008-02-11,94.907622
2008-02-12,94.50595
2008-02-13,94.274411
2008-02-14,94.312476
2008-02-15,94.384284
2008-02-19,94.377596
2008-02-20,94.305016
2008-02-21,94.262999
2008-02-22,94.357061
2008-02-25,94.548832
2008-02-26,94.931221
2008-02-27,95.042769
2008-02-28,95.287555
2008-02-29,95.266576
2008-03-03,94.587581
2008-03-04,94.452764
2008-03-05,94.380449
2008-03-06,94.329284
2008-03-07,94.34744
2008-03-10,94.301206
2008-03-11,94.413767
2008-03-12,94.021255
2008-03-13,93.923024
2008-03-14,93.393679
2008-03-17,93.5517
2008-03-18,93.155003
2008-03-19,93.26704
2008-03-20,93.566854
2008-03-24,93.845522
2008-03-25,93.78218
2008-03-26,94.072013
2008-03-27,94.053546
2008-03-28,94.298192
2008-03-31,94.456638
2008-04-01,93.774298
2008-04-02,93.925955
2008-04-03,94.159259
2008-04-04,94.396437
2008-04-07,95.059306
2008-04-08,95.312239
2008-04-09,95.413136
2008-04-10,95.404102
2008-04-11,95.365377
2008-04-14,95.342622
2008-04-15,95.32889
2008-04-16,95.518542
2008-04-17,95.765691
2008-04-18,96.004967
2008-04-21,96.526928
2008-04-22,96.679225
2008-04-23,96.798861
2008-04-24,96.792214
2008-04-25,97.026923
2008-04-28,97.313468
2008-04-29,97.316331
2008-04-30,97.553249
2008-05-01,97.196288
2008-05-02,98.059792
2008-05-05,98.402296
2008-05-06,98.17007
2008-05-07,97.970971
2008-05-08,97.854319
2008-05-09,97.712783
2008-05-12,97.840872
2008-05-13,97.473207
2008-05-14,97.635054
2008-05-15,97.818315
2008-05-16,97.930149
2008-05-19,98.158858
2008-05-20,98.18776
2008-05-21,98.001354
2008-05-22,98.071259
2008-05-23,97.986884
2008-05-27,97.671501
2008-05-28,97.459039
2008-05-29,97.351537
2008-05-30,97.473811
2008-06-02,96.857936
2008-06-03,96.524227
2008-06-04,96.357234
2008-06-05,96.098381
2008-06-06,96.598871
2008-06-09,96.351977
2008-06-10,96.271522
2008-06-11,96.260267
2008-06-12,95.813281
2008-06-13,95.938084
2008-06-16,95.978613
2008-06-17,96.064628
2008-06-18,96.098254
2008-06-19,95.82013
2008-06-20,95.670353
2008-06-23,95.244136
2008-06-24,95.211432
2008-06-25,94.209194
2008-06-26,93.868725
2008-06-27,92.989726
2008-06-30,93.151779
2008-07-01,91.988341
2008-07-02,91.83571
2008-07-03,91.958658
2008-07-07,92.32904
2008-07-08,91.883178
2008-07-09,91.582054
2008-07-10,91.818451
2008-07-11,91.670611
2008-07-14,91.60963
2008-07-15,91.385407
2008-07-16,91.42242
2008-07-17,91.338362
2008-07-18,91.727972
2008-07-21,91.832082
2008-07-22,92.109005
2008-07-23,92.157395
2008-07-24,92.464805
2008-07-25,92.370365
2008-07-28,92.522164
2008-07-29,92.359354
2008-07-30,92.05994
2008-07-31,92.18857
2008-08-01,91.333807
2008-08-04,91.206635
2008-08-05,91.102129
2008-08-06,91.021364
2008-08-07,91.117066
2008-08-08,90.793453
2008-08-11,90.889654
2008-08-12,91.014068
2008-08-13,91.019458
2008-08-14,91.167569
2008-08-15,91.124431
2008-08-18,91.377139
2008-08-19,91.525673
2008-08-20,91.412397
2008-08-21,91.263712
2008-08-22,91.127795
2008-08-25,91.357083
2008-08-26,91.318591
2008-08-27,91.42818
2008-08-28,91.350134
2008-08-29,91.523273
2008-09-02,90.950808
2008-09-03,91.22133
2008-09-04,91.338275
2008-09-05,91.168336
2008-09-08,91.546805
2008-09-09,91.55352
2008-09-10,91.298053
2008-09-11,91.318675
2008-09-12,91.235775
2008-09-15,90.842204
2008-09-16,89.445749
2008-09-17,88.846719
2008-09-18,87.800244
2008-09-19,87.890327
2008-09-22,88.693264
2008-09-23,88.549944
2008-09-24,88.304044
2008-09-25,87.354742
2008-09-26,86.013066
2008-09-29,85.225071
2008-09-30,84.131612
2008-10-01,82.438025
2008-10-02,81.137966
2008-10-03,79.326332
2008-10-06,78.463862
2008-10-07,76.705687
2008-10-08,76.259569
2008-10-09,75.018379
2008-10-10,73.988552
2008-10-13,74.055698
2008-10-14,71.032771
2008-10-15,70.183591
2008-10-16,68.563153
2008-10-17,67.945661
2008-10-20,68.217619
2008-10-21,69.606125
2008-10-22,70.173456
2008-10-23,69.800099
2008-10-24,69.432626
2008-10-27,68.332983
2008-10-28,67.775452
2008-10-29,67.797558
2008-10-30,68.175064
2008-10-31,68.999021
2008-11-03,68.894165
2008-11-04,69.610333
2008-11-05,69.947655
2008-11-06,70.465296
2008-11-07,70.502111
2008-11-10,70.530177
2008-11-11,70.552757
2008-11-12,70.514599
2008-11-13,70.295588
2008-11-14,70.087272
2008-11-17,69.288459
2008-11-18,68.258227
2008-11-19,65.826587
2008-11-20,64.629583
2008-11-21,63.337229
2008-11-24,63.175024
2008-11-25,62.937165
2008-11-26,63.232367
2008-11-28,63.522821
2008-12-01,62.878151
2008-12-02,63.057307
2008-12-03,62.92874
2008-12-04,62.626793
2008-12-05,62.445542
2008-12-08,62.626001
2008-12-09,62.643526
2008-12-10,62.440912
2008-12-11,62.80727
2008-12-12,62.908026
2008-12-15,62.349605
2008-12-16,62.667591
2008-12-17,62.680221
2008-12-18,64.116119
2008-12-19,65.655317
2008-12-22,65.93752
2008-12-23,66.611173
2008-12-24,67.219918
2008-12-26,67.340264
2008-12-29,67.444128
2008-12-30,68.268718
2008-12-31,68.500468
2009-01-02,68.43922
2009-01-05,70.441188
2009-01-06,72.759596
2009-01-07,74.238473
2009-01-08,74.352491
2009-01-09,73.92101
2009-01-12,74.222642
2009-01-13,74.0389
2009-01-14,74.121452
2009-01-15,73.541379
2009-01-16,72.898559
2009-01-20,72.929533
2009-01-21,72.647684
2009-01-22,72.338759
2009-01-23,72.025424
2009-01-26,71.648042
2009-01-27,71.869498
2009-01-28,72.177204
2009-01-29,72.376781
2009-01-30,72.520574
2009-02-02,71.837579
2009-02-03,71.807553
2009-02-04,72.005213
2009-02-05,72.346612
2009-02-06,72.299344
2009-02-09,72.280634
2009-02-10,72.424731
2009-02-11,72.646374
2009-02-12,72.20556
2009-02-13,71.914912
2009-02-17,71.723099
2009-02-18,71.303645
2009-02-19,70.639158
2009-02-20,70.943508
2009-02-23,70.934931
2009-02-24,70.217966
2009-02-25,69.110909
2009-02-26,68.845649
2009-02-27,68.452446
2009-03-02,66.882219
2009-03-03,66.176827
2009-03-04,65.161963
2009-03-05,64.380864
2009-03-06,63.659544
2009-03-09,63.600005
2009-03-10,63.715977
2009-03-11,63.949093
2009-03-12,64.160513
2009-03-13,64.637008
2009-03-16,65.144581
2009-03-17,65.689378
2009-03-18,65.596565
2009-03-19,65.664208
2009-03-20,66.15892
2009-03-23,66.335692
2009-03-24,66.781409
2009-03-25,67.091096
2009-03-26,67.136945
2009-03-27,67.450405
2009-03-30,67.786809
2009-03-31,67.94119
2009-04-01,67.073145
2009-04-02,67.17376
2009-04-03,67.522644
2009-04-06,67.855098
2009-04-07,68.067131
2009-04-08,68.224218
2009-04-09,68.960594
2009-04-13,69.433723
2009-04-14,69.63964
2009-04-15,69.877491
2009-04-16,70.214599
2009-04-17,70.565879
2009-04-20,71.342369
2009-04-21,71.099227
2009-04-22,70.959528
2009-04-23,70.970699
2009-04-24,71.313004
2009-04-27,71.657597
2009-04-28,71.765029
2009-04-29,72.038341
2009-04-30,72.79038
2009-05-01,72.368628
2009-05-04,72.716964
2009-05-05,73.055007
2009-05-06,73.241992
2009-05-07,73.525276
2009-05-08,73.904458
2009-05-11,74.428697
2009-05-12,74.337776
2009-05-13,74.358055
2009-05-14,73.995612
2009-05-15,74.063786
2009-05-18,74.018508
2009-05-19,73.816741
2009-05-20,74.228821
2009-05-21,74.610481
2009-05-22,74.801412
2009-05-26,75.184077
2009-05-27,75.40186
2009-05-28,75.542154
2009-05-29,75.978123
2009-06-01,75.633087
2009-06-02,76.109786
2009-06-03,76.688891
2009-06-04,76.84707
2009-06-05,76.73629
2009-06-08,76.866863
2009-06-09,77.136735
2009-06-10,77.418401
2009-06-11,77.656924
2009-06-12,77.774908
2009-06-15,78.197344
2009-06-16,78.256636
2009-06-17,77.976466
2009-06-18,77.32517
2009-06-19,76.980379
2009-06-22,76.81599
2009-06-23,76.582975
2009-06-24,76.27627
2009-06-25,76.504602
2009-06-26,76.716473
2009-06-29,76.955409
2009-06-30,77.20572
2009-07-01,76.741898
2009-07-02,76.962546
2009-07-06,76.982991
2009-07-07,76.787909
2009-07-08,76.801326
2009-07-09,76.544471
2009-07-10,76.515868
2009-07-13,76.499679
2009-07-14,76.544588
2009-07-15,76.666996
2009-07-16,76.922245
2009-07-17,77.206962
2009-07-20,77.764735
2009-07-21,78.093256
2009-07-22,78.751518
2009-07-23,79.299117
2009-07-24,79.816025
2009-07-27,80.653012
2009-07-28,80.989072
2009-07-29,80.880225
2009-07-30,81.071468
2009-07-31,81.740123
2009-08-03,82.045053
2009-08-04,82.149401
2009-08-05,82.127403
2009-08-06,82.07782
2009-08-07,82.448592
2009-08-10,82.589452
2009-08-11,82.630489
2009-08-12,82.146254
2009-08-13,81.701627
2009-08-14,81.912876
2009-08-17,81.348791
2009-08-18,80.597042
2009-08-19,80.237567
2009-08-20,80.414393
2009-08-21,80.244439
2009-08-24,80.544987
2009-08-25,80.508009
2009-08-26,80.996381
2009-08-27,80.90992
2009-08-28,81.042293
2009-08-31,80.994847
2009-09-01,80.4351
2009-09-02,80.312707
2009-09-03,80.363753
2009-09-04,80.507334
2009-09-08,80.627975
2009-09-09,80.753922
2009-09-10,81.479286
2009-09-11,81.764418
2009-09-14,82.512209
2009-09-15,83.101184
2009-09-16,83.691746
2009-09-17,84.191746
2009-09-18,84.265783
2009-09-21,84.268144
2009-09-22,84.611344
2009-09-23,84.982921
2009-09-24,85.425609
2009-09-25,85.306855
2009-09-28,85.248024
2009-09-29,85.307583
2009-09-30,85.07266
2009-10-01,84.195266
2009-10-02,83.892911
2009-10-05,83.781398
2009-10-06,83.968735
2009-10-07,84.05795
2009-10-08,83.954684
2009-10-09,84.111614
2009-10-12,84.158528
2009-10-13,84.352229
2009-10-14,84.322894
2009-10-15,84.495334
2009-10-16,84.731894
2009-10-19,84.858401
2009-10-20,85.076661
2009-10-21,85.368973
2009-10-22,85.416743
2009-10-23,85.587034
2009-10-26,85.758829
2009-10-27,86.004163
2009-10-28,85.490963
2009-10-29,85.311411
2009-10-30,85.089037
2009-11-02,84.332834
2009-11-03,84.184535
2009-11-04,84.097871
2009-11-05,84.175226
2009-11-06,84.292315
2009-11-09,84.391086
2009-11-10,84.549442
2009-11-11,84.560509
2009-11-12,84.764937
2009-11-13,84.855312
2009-11-16,85.007565
2009-11-17,85.019414
2009-11-18,85.053181
2009-11-19,85.07587
2009-11-20,84.979509
2009-11-23,84.953201
2009-11-24,84.97669
2009-11-25,85.155099
2009-11-27,85.162933
2009-11-30,85.082054
2009-12-01,84.620003
2009-12-02,84.744685
2009-12-03,84.578816
2009-12-04,84.773378
2009-12-07,85.139451
2009-12-08,85.152921
2009-12-09,85.155742
2009-12-10,85.406273
2009-12-11,85.566314
2009-12-14,85.786062
2009-12-15,85.861802
2009-12-16,86.20869
2009-12-17,86.346483
2009-12-18,86.429715
2009-12-21,86.44246
2009-12-22,86.446855
2009-12-23,86.833865
2009-12-24,86.875458
2009-12-28,86.899446
2009-12-29,86.383611
2009-12-30,86.46338
2009-12-31,86.512916
2010-01-04,86.890447
2010-01-05,87.023516
2010-01-06,87.586052
2010-01-07,87.892221
2010-01-08,88.139305
2010-01-11,88.224116
2010-01-12,88.331713
2010-01-13,88.315043
2010-01-14,88.30254
2010-01-15,88.237559
2010-01-19,88.284864
2010-01-20,87.977843
2010-01-21,87.924315
2010-01-22,87.580396
2010-01-25,87.126423
2010-01-26,87.016437
2010-01-27,86.76838
2010-01-28,86.802122
2010-01-29,86.818974
2010-02-01,86.175844
2010-02-02,86.198606
2010-02-03,86.312531
2010-02-04,86.28594
2010-02-05,85.831958
2010-02-08,85.111009
2010-02-09,84.806362
2010-02-10,84.321682
2010-02-11,83.90564
2010-02-12,83.835621
2010-02-16,84.048474
2010-02-17,84.859179
2010-02-18,85.120952
2010-02-19,85.562644
2010-02-22,86.017823
2010-02-23,86.042274
2010-02-24,86.015955
2010-02-25,85.875865
2010-02-26,85.957653
2010-03-01,85.498172
2010-03-02,85.770327
2010-03-03,86.010804
2010-03-04,86.149101
2010-03-05,86.334923
2010-03-08,86.649697
2010-03-09,86.920748
2010-03-10,87.117157
2010-03-11,87.168333
2010-03-12,87.140547
2010-03-15,87.054319
2010-03-16,87.151397
2010-03-17,87.201066
2010-03-18,87.32895
2010-03-19,87.419847
2010-03-22,87.380261
2010-03-23,87.302369
2010-03-24,87.349654
2010-03-25,87.440071
2010-03-26,87.529607
2010-03-29,87.680736
2010-03-30,87.672342
2010-03-31,87.609996
2010-04-01,86.887992
2010-04-05,87.23635
2010-04-06,87.149947
2010-04-07,87.260335
2010-04-08,87.327082
2010-04-09,87.376409
2010-04-12,87.615013
2010-04-13,87.776303
2010-04-14,88.161335
2010-04-15,88.236228
2010-04-16,88.387099
2010-04-19,88.398756
2010-04-20,88.343169
2010-04-21,88.442013
2010-04-22,88.513317
2010-04-23,88.57424
2010-04-26,88.779007
2010-04-27,88.83609
2010-04-28,88.6945
2010-04-29,88.700026
2010-04-30,88.785017
2010-05-03,88.199427
2010-05-04,88.166282
2010-05-05,87.69407
2010-05-06,86.852074
2010-05-07,85.589417
2010-05-10,85.832942
2010-05-11,85.942385
2010-05-12,86.19864
2010-05-13,86.754782
2010-05-14,86.42399
2010-05-17,86.057663
2010-05-18,86.156369
2010-05-19,85.629824
2010-05-20,84.765982
2010-05-21,84.402148
2010-05-24,84.450042
2010-05-25,83.814866
2010-05-26,83.988364
2010-05-27,84.070283
2010-05-28,84.570359
2010-06-01,83.955924
2010-06-02,83.856432
2010-06-03,84.006598
2010-06-04,83.857417
2010-06-07,83.794597
2010-06-08,83.707756
2010-06-09,83.662363
2010-06-10,83.518273
2010-06-11,83.502863
2010-06-14,83.38006
2010-06-15,83.923885
2010-06-16,84.321478
2010-06-17,84.710323
2010-06-18,85.137767
2010-06-21,85.463551
2010-06-22,85.797637
2010-06-23,85.739095
2010-06-24,85.616053
2010-06-25,85.642566
2010-06-28,85.487305
2010-06-29,85.532801
2010-06-30,85.325175
2010-07-01,84.541287
2010-07-02,84.551437
2010-07-06,84.6991
2010-07-07,84.847772
2010-07-08,85.144118
2010-07-09,85.390198
2010-07-12,85.459109
2010-07-13,85.914071
2010-07-14,86.181597
2010-07-15,86.338288
2010-07-16,86.41646
2010-07-19,86.374231
2010-07-20,86.634738
2010-07-21,86.85298
2010-07-22,87.07497
2010-07-23,87.225477
2010-07-26,87.32431
2010-07-27,87.641661
2010-07-28,87.800548
2010-07-29,87.866649
2010-07-30,87.868236
2010-08-02,87.222615
2010-08-03,87.485329
2010-08-04,87.665015
2010-08-05,87.691501
2010-08-06,87.689181
2010-08-09,87.610326
2010-08-10,87.754703
2010-08-11,87.366133
2010-08-12,86.987443
2010-08-13,86.890073
2010-08-16,86.562337
2010-08-17,86.9585
2010-08-18,87.043873
2010-08-19,87.097497
2010-08-20,87.030458
2010-08-23,86.896624
2010-08-24,86.999478
2010-08-25,86.923698
2010-08-26,86.715828
2010-08-27,86.773079
2010-08-30,86.730574
2010-08-31,86.741993
2010-09-01,86.353679
2010-09-02,86.424257
2010-09-03,86.734349
2010-09-07,86.800639
2010-09-08,86.948883
2010-09-09,87.181035
2010-09-10,87.399585
2010-09-13,87.563694
2010-09-14,87.788751
2010-09-15,87.969613
2010-09-16,88.140662
2010-09-17,88.195188
2010-09-20,88.256114
2010-09-21,88.386183
2010-09-22,88.304873
2010-09-23,88.112647
2010-09-24,88.247271
2010-09-27,88.162154
2010-09-28,88.528648
2010-09-29,88.655445
2010-09-30,88.803816
2010-10-01,88.416727
2010-10-04,88.471721
2010-10-05,88.744455
2010-10-06,89.039121
2010-10-07,89.22074
2010-10-08,89.346848
2010-10-11,89.404766
2010-10-12,89.494196
2010-10-13,89.698913
2010-10-14,89.799774
2010-10-15,89.69925
2010-10-18,89.702213
2010-10-19,89.626091
2010-10-20,89.755072
2010-10-21,89.728805
2010-10-22,89.840567
2010-10-25,90.069531
2010-10-26,90.176461
2010-10-27,90.239367
2010-10-28,90.329819
2010-10-29,90.387542
2010-11-01,89.900391
2010-11-02,89.885427
2010-11-03,90.041344
2010-11-04,90.46196
2010-11-05,90.782524
2010-11-08,90.807772
2010-11-09,90.906096
2010-11-10,90.600379
2010-11-11,90.619309
2010-11-12,90.309416
2010-11-15,90.066259
2010-11-16,89.388281
2010-11-17,89.308323
2010-11-18,89.576823
2010-11-19,89.33531
2010-11-22,89.190657
2010-11-23,88.851568
2010-11-24,88.822819
2010-11-26,88.939113
2010-11-29,88.601369
2010-11-30,88.348318
2010-12-01,88.105663
2010-12-02,88.341252
2010-12-03,88.521612
2010-12-06,88.593098
2010-12-07,88.933041
2010-12-08,88.834664
2010-12-09,88.923221
2010-12-10,88.894134
2010-12-13,88.915192
2010-12-14,88.858161
2010-12-15,88.81538
2010-12-16,88.725835
2010-12-17,88.739648
2010-12-20,88.934586
2010-12-21,88.853247
2010-12-22,89.074096
2010-12-23,89.143144
2010-12-27,89.276971
2010-12-28,88.738908
2010-12-29,88.85242
2010-12-30,88.945039
2010-12-31,89.021436
2011-01-03,89.41923
2011-01-04,89.675573
2011-01-05,89.773429
2011-01-06,89.907172
2011-01-07,89.930625
2011-01-10,89.974982
2011-01-11,90.098015
2011-01-12,90.227317
2011-01-13,90.346586
2011-01-14,90.365034
2011-01-18,90.485832
2011-01-19,90.548207
2011-01-20,90.50884
2011-01-21,90.58581
2011-01-24,90.702285
2011-01-25,90.798152
2011-01-26,90.887299
2011-01-27,91.068289
2011-01-28,91.112905
2011-01-31,91.149153
2011-02-01,90.715148
2011-02-02,90.782872
2011-02-03,90.871358
2011-02-04,91.068821
2011-02-07,91.284132
2011-02-08,91.420008
2011-02-09,91.352269
2011-02-10,91.260002
2011-02-11,91.294802
2011-02-14,91.33989
2011-02-15,91.394869
2011-02-16,91.474874
2011-02-17,91.569212
2011-02-18,91.711832
2011-02-22,91.800242
2011-02-23,91.58876
2011-02-24,91.429371
2011-02-25,91.5392
2011-02-28,91.754725
2011-03-01,91.253078
2011-03-02,91.246285
2011-03-03,91.326064
2011-03-04,91.344918
2011-03-07,91.319193
2011-03-08,91.307338
2011-03-09,91.267692
2011-03-10,91.119113
2011-03-11,91.003008
2011-03-14,90.979929
2011-03-15,90.477891
2011-03-16,90.567001
2011-03-17,90.653202
2011-03-18,90.889779
2011-03-21,91.07391
2011-03-22,91.085619
2011-03-23,90.985141
2011-03-24,91.084922
2011-03-25,91.186113
2011-03-28,91.250488
2011-03-29,91.206457
2011-03-30,91.279382
2011-03-31,91.328461
2011-04-01,90.867452
2011-04-04,91.074175
2011-04-05,91.155647
2011-04-06,91.320819
2011-04-07,91.425142
2011-04-08,91.492654
2011-04-11,91.524089
2011-04-12,91.430399
2011-04-13,91.47466
2011-04-14,91.445888
2011-04-15,91.511203
2011-04-18,91.431697
2011-04-19,91.489456
2011-04-20,91.66076
2011-04-21,91.738635
2011-04-25,91.815395
2011-04-26,91.887992
2011-04-27,91.929967
2011-04-28,91.991357
2011-04-29,92.136489
2011-05-02,91.697484
2011-05-03,91.708749
2011-05-04,91.746143
2011-05-05,91.737943
2011-05-06,91.819766
2011-05-09,91.891095
2011-05-10,91.985282
2011-05-11,92.024087
2011-05-12,92.001264
2011-05-13,92.046669
2011-05-16,92.094513
2011-05-17,92.024229
2011-05-18,91.997502
2011-05-19,92.010066
2011-05-20,92.001113
2011-05-23,91.881269
2011-05-24,91.841553
2011-05-25,91.739388
2011-05-26,91.677939
2011-05-27,91.719514
2011-05-31,91.794428
2011-06-01,91.185566
2011-06-02,91.10262
2011-06-03,90.931148
2011-06-06,90.911592
2011-06-07,90.777616
2011-06-08,90.583803
2011-06-09,90.43145
2011-06-10,90.371905
2011-06-13,90.177716
2011-06-14,90.192695
2011-06-15,90.040177
2011-06-16,89.68383
2011-06-17,89.616121
2011-06-20,89.284194
2011-06-21,89.443146
2011-06-22,89.649358
2011-06-23,89.49689
2011-06-24,89.50769
2011-06-27,89.393268
2011-06-28,89.475411
2011-06-29,89.792777
2011-06-30,90.269081
2011-07-01,89.884834
2011-07-05,90.155323
2011-07-06,90.188957
2011-07-07,90.49885
2011-07-08,90.520937
2011-07-11,90.187894
2011-07-12,90.111644
2011-07-13,90.296037
2011-07-14,90.350583
2011-07-15,90.483439
2011-07-18,90.388832
2011-07-19,90.397079
2011-07-20,90.647939
2011-07-21,90.885078
2011-07-22,91.082277
2011-07-25,91.122495
2011-07-26,91.203035
2011-07-27,91.023356
2011-07-28,90.947418
2011-07-29,90.80347
2011-08-01,90.291195
2011-08-02,89.93591
2011-08-03,89.602889
2011-08-04,88.88756
2011-08-05,87.927436
2011-08-08,86.344157
2011-08-09,84.95903
2011-08-10,84.794145
2011-08-11,84.328702
2011-08-12,85.40637
2011-08-15,86.322095
2011-08-16,86.30591
2011-08-17,86.759763
2011-08-18,86.224696
2011-08-19,85.837113
2011-08-22,85.740327
2011-08-23,85.089668
2011-08-24,84.919385
2011-08-25,85.259278
2011-08-26,85.076848
2011-08-29,85.512062
2011-08-30,85.858564
2011-08-31,86.704028
2011-09-01,86.508964
2011-09-02,86.415885
2011-09-06,85.724685
2011-09-07,86.065554
2011-09-08,86.223091
2011-09-09,86.049719
2011-09-12,85.250353
2011-09-13,85.372712
2011-09-14,85.669911
2011-09-15,85.934509
2011-09-16,86.17979
2011-09-19,85.962546
2011-09-20,86.146253
2011-09-21,86.058339
2011-09-22,85.30277
2011-09-23,84.855494
2011-09-26,84.65751
2011-09-27,84.787388
2011-09-28,84.342259
2011-09-29,83.888417
2011-09-30,83.09286
2011-10-03,81.970938
2011-10-04,80.390134
2011-10-05,80.594878
2011-10-06,81.659374
2011-10-07,82.22302
2011-10-10,82.278354
2011-10-11,82.955353
2011-10-12,83.969725
2011-10-13,84.263972
2011-10-14,84.804108
2011-10-17,85.038145
2011-10-18,85.093394
2011-10-19,85.821718
2011-10-20,85.992939
2011-10-21,86.697582
2011-10-24,87.186044
2011-10-25,87.620412
2011-10-26,87.831755
2011-10-27,88.742113
2011-10-28,88.789596
2011-10-31,88.466644
2011-11-01,87.03642
2011-11-02,87.37555
2011-11-03,87.744886
2011-11-04,87.761059
2011-11-07,87.663502
2011-11-08,87.669984
2011-11-09,86.813362
2011-11-10,86.880443
2011-11-11,86.900836
2011-11-14,86.698625
2011-11-15,86.406771
2011-11-16,86.307411
2011-11-17,86.01693
2011-11-18,85.764288
2011-11-21,85.109283
2011-11-22,84.741391
2011-11-23,84.269246
2011-11-25,84.423779
2011-11-28,84.664208
2011-11-29,84.714113
2011-11-30,85.365117
2011-12-01,85.314153
2011-12-02,85.804851
2011-12-05,86.321454
2011-12-06,86.45992
2011-12-07,86.589726
2011-12-08,86.599339
2011-12-09,86.571811
2011-12-12,86.449072
2011-12-13,86.576118
2011-12-14,86.386615
2011-12-15,86.48805
2011-12-16,86.562166
2011-12-19,86.647691
2011-12-20,86.881796
2011-12-21,87.063344
2011-12-22,87.259447
2011-12-23,87.406924
2011-12-27,86.979077
2011-12-28,87.131848
2011-12-29,87.325829
2011-12-30,87.400157
2012-01-03,87.969617
2012-01-04,88.189078
2012-01-05,88.188047
2012-01-06,88.255532
2012-01-09,88.289257
2012-01-10,88.512659
2012-01-11,88.440662
2012-01-12,88.416928
2012-01-13,88.175188
2012-01-17,88.404683
2012-01-18,88.456545
2012-01-19,88.713986
2012-01-20,88.733572
2012-01-23,89.022917
2012-01-24,89.129211
2012-01-25,89.39083
2012-01-26,89.943817
2012-01-27,89.947662
2012-01-30,89.747669
2012-01-31,89.862893
2012-02-01,89.600464
2012-02-02,89.611442
2012-02-03,89.894334
2012-02-06,89.991162
2012-02-07,90.053758
2012-02-08,90.201978
2012-02-09,90.230086
2012-02-10,89.872062
2012-02-13,90.069214
2012-02-14,90.030021
2012-02-15,90.008575
2012-02-16,89.84719
2012-02-17,90.164909
2012-02-21,90.350789
2012-02-22,90.454578
2012-02-23,90.708863
2012-02-24,90.991611
2012-02-27,91.077167
2012-02-28,91.271445
2012-02-29,91.402325
2012-03-01,90.929176
2012-03-02,90.900763
2012-03-05,90.590196
2012-03-06,89.793245
2012-03-07,89.960155
2012-03-08,90.144897
2012-03-09,90.288694
2012-03-12,90.31126
2012-03-13,90.421442
2012-03-14,90.555373
2012-03-15,90.388766
2012-03-16,90.354114
2012-03-19,90.403234
2012-03-20,90.302512
2012-03-21,90.403122
2012-03-22,90.252924
2012-03-23,90.139814
2012-03-26,90.290696
2012-03-27,90.348143
2012-03-28,90.345553
2012-03-29,90.181176
2012-03-30,90.277768
2012-04-02,89.777538
2012-04-03,89.864747
2012-04-04,89.722806
2012-04-05,89.603201
2012-04-09,89.287165
2012-04-10,89.111899
2012-04-11,89.042036
2012-04-12,89.322073
2012-04-13,89.344892
2012-04-16,89.385588
2012-04-17,89.643619
2012-04-18,89.673735
2012-04-19,89.7366
2012-04-20,89.760614
2012-04-23,89.785326
2012-04-24,89.908749
2012-04-25,90.240212
2012-04-26,90.244796
2012-04-27,90.503605
2012-04-30,90.668417
2012-05-01,90.549177
2012-05-02,90.470934
2012-05-03,90.574308
2012-05-04,90.610456
2012-05-07,90.628254
2012-05-08,90.577675
2012-05-09,90.425021
2012-05-10,90.565662
2012-05-11,90.501444
2012-05-14,90.284529
2012-05-15,90.084988
2012-05-16,89.650269
2012-05-17,88.887079
2012-05-18,88.470012
2012-05-21,88.128193
2012-05-22,88.55265
2012-05-23,88.212103
2012-05-24,88.279499
2012-05-25,88.314032
2012-05-29,88.612027
2012-05-30,88.44321
2012-05-31,88.332673
2012-06-01,87.284149
2012-06-04,87.051169
2012-06-05,86.831125
2012-06-06,87.419935
2012-06-07,87.95117
2012-06-08,87.957701
2012-06-11,88.157204
2012-06-12,88.027465
2012-06-13,88.128694
2012-06-14,88.241998
2012-06-15,88.452673
2012-06-18,88.582719
2012-06-19,89.073422
2012-06-20,89.474321
2012-06-21,89.544733
2012-06-22,89.468936
2012-06-25,89.369894
2012-06-26,89.401703
2012-06-27,89.61167
2012-06-28,89.661004
2012-06-29,90.061487
2012-07-02,89.751864
2012-07-03,89.973989
2012-07-05,90.049182
2012-07-06,90.078712
2012-07-09,90.082865
2012-07-10,90.213493
2012-07-11,90.261434
2012-07-12,90.140511
2012-07-13,90.198253
2012-07-16,90.241456
2012-07-17,90.343346
2012-07-18,90.483828
2012-07-19,90.707843
2012-07-20,90.729697
2012-07-23,90.476776
2012-07-24,90.467931
2012-07-25,90.406804
2012-07-26,90.59299
2012-07-27,90.767803
2012-07-30,91.038812
2012-07-31,91.215189
2012-08-01,90.859126
2012-08-02,90.837434
2012-08-03,91.060422
2012-08-06,91.249062
2012-08-07,91.407951
2012-08-08,91.379723
2012-08-09,91.344967
2012-08-10,91.201678
2012-08-13,91.226746
2012-08-14,91.218449
2012-08-15,91.065427
2012-08-16,91.011629
2012-08-17,91.060944
2012-08-20,91.163328
2012-08-21,91.318385
2012-08-22,91.341727
2012-08-23,91.386882
2012-08-24,91.36705
2012-08-27,91.466299
2012-08-28,91.505103
2012-08-29,91.552875
2012-08-30,91.551242
2012-08-31,91.610372
2012-09-04,91.194875
2012-09-05,91.240081
2012-09-06,91.483075
2012-09-07,91.823593
2012-09-10,91.973718
2012-09-11,92.187277
2012-09-12,92.471998
2012-09-13,92.611749
2012-09-14,93.062387
2012-09-17,93.120086
2012-09-18,93.126987
2012-09-19,93.13322
2012-09-20,92.970677
2012-09-21,92.910715
2012-09-24,92.719747
2012-09-25,92.51057
2012-09-26,91.891411
2012-09-27,92.108871
2012-09-28,92.111493
2012-10-01,91.76902
2012-10-02,91.900546
2012-10-03,91.87287
2012-10-04,92.009371
2012-10-05,92.176752
2012-10-08,92.228358
2012-10-09,92.207249
2012-10-10,92.052367
2012-10-11,92.237573
2012-10-12,92.284352
2012-10-15,92.427162
2012-10-16,92.586376
2012-10-17,92.855149
2012-10-18,92.94659
2012-10-19,92.890043
2012-10-22,92.966652
2012-10-23,92.63078
2012-10-24,92.610813
2012-10-25,92.715046
2012-10-26,92.512259
2012-10-31,92.468984
2012-11-01,91.978549
2012-11-02,92.068082
2012-11-05,92.12515
2012-11-06,92.296874
2012-11-07,92.103719
2012-11-08,92.008121
2012-11-09,91.758195
2012-11-12,91.760081
2012-11-13,91.543397
2012-11-14,91.346775
2012-11-15,90.978638
2012-11-16,90.795344
2012-11-19,91.103548
2012-11-20,91.362355
2012-11-21,91.521244
2012-11-23,91.578774
2012-11-26,91.742885
2012-11-27,91.900893
2012-11-28,91.954558
2012-11-29,92.211176
2012-11-30,92.393364
2012-12-03,92.085673
2012-12-04,92.22267
2012-12-05,92.54784
2012-12-06,92.702802
2012-12-07,92.963859
2012-12-10,93.030124
2012-12-11,93.194887
2012-12-12,93.349234
2012-12-13,93.408385
2012-12-14,93.347859
2012-12-17,93.352236
2012-12-18,93.425442
2012-12-19,93.504607
2012-12-20,93.58623
2012-12-21,93.455118
2012-12-24,93.509777
2012-12-26,93.006135
2012-12-27,93.030997
2012-12-28,92.985245
2012-12-31,92.970374
2013-01-02,93.353713
2013-01-03,93.569771
2013-01-04,93.648218
2013-01-07,93.720561
2013-01-08,93.824862
2013-01-09,93.882393
2013-01-10,93.986093
2013-01-11,94.075102
2013-01-14,94.147975
2013-01-15,94.078844
2013-01-16,94.014793
2013-01-17,94.163114
2013-01-18,94.221921
2013-01-22,94.316327
2013-01-23,94.411671
2013-01-24,94.522201
2013-01-25,94.622734
2013-01-28,94.636742
2013-01-29,94.480963
2013-01-30,94.324994
2013-01-31,93.987964
2013-02-01,93.478969
2013-02-04,93.412421
2013-02-05,93.198013
2013-02-06,93.149966
2013-02-07,93.039462
2013-02-08,92.994258
2013-02-11,93.035535
2013-02-12,93.054898
2013-02-13,93.189675
2013-02-14,93.242669
2013-02-15,93.288526
2013-02-19,93.402798
2013-02-20,93.458974
2013-02-21,93.357423
2013-02-22,93.398206
2013-02-25,93.52779
2013-02-26,93.449279
2013-02-27,93.538879
2013-02-28,93.707594
2013-03-01,93.20861
2013-03-04,93.28516
2013-03-05,93.458033
2013-03-06,93.553152
2013-03-07,93.630691
2013-03-08,93.675896
2013-03-11,93.733971
2013-03-12,93.792753
2013-03-13,93.819581
2013-03-14,93.886746
2013-03-15,93.99194
2013-03-18,93.909212
2013-03-19,93.982
2013-03-20,93.974384
2013-03-21,93.998118
2013-03-22,94.018733
2013-03-25,94.078523
2013-03-26,94.024354
2013-03-27,94.081284
2013-03-28,94.021429
2013-04-01,93.660209
2013-04-02,93.752408
2013-04-03,93.812274
2013-04-04,93.796541
2013-04-05,93.678682
2013-04-08,93.761197
2013-04-09,93.851003
2013-04-10,94.064159
2013-04-11,94.270292
2013-04-12,94.327239
2013-04-15,94.268093
2013-04-16,94.227831
2013-04-17,94.176136
2013-04-18,94.180723
2013-04-19,94.205847
2013-04-22,94.329368
2013-04-23,94.491245
2013-04-24,94.640819
2013-04-25,94.864166
2013-04-26,94.96997
2013-04-29,95.14547
2013-04-30,95.369676
2013-05-01,95.09975
2013-05-02,95.359971
2013-05-03,95.563281
2013-05-06,95.581714
2013-05-07,95.72952
2013-05-08,95.811194
2013-05-09,95.804372
2013-05-10,95.649761
2013-05-13,95.488442
2013-05-14,95.293758
2013-05-15,95.198919
2013-05-16,95.20599
2013-05-17,95.242597
2013-05-20,95.300651
2013-05-21,95.313837
2013-05-22,95.344429
2013-05-23,94.912493
2013-05-24,94.785348
2013-05-28,94.765064
2013-05-29,94.208927
2013-05-30,94.146979
2013-05-31,93.975835
2013-06-03,93.123738
2013-06-04,92.938188
2013-06-05,92.241096
2013-06-06,91.997494
2013-06-07,92.562977
2013-06-10,92.569976
2013-06-11,91.860335
2013-06-12,91.983926
2013-06-13,91.798178
2013-06-14,92.162681
2013-06-17,92.423022
2013-06-18,92.458319
2013-06-19,92.480186
2013-06-20,91.046897
2013-06-21,90.855277
2013-06-24,89.704939
2013-06-25,89.659995
2013-06-26,90.101174
2013-06-27,90.685015
2013-06-28,90.868659
2013-07-01,90.542594
2013-07-02,90.665868
2013-07-03,90.586666
2013-07-05,90.401744
2013-07-08,90.272821
2013-07-09,90.538448
2013-07-10,90.735575
2013-07-11,91.410437
2013-07-12,91.716317
2013-07-15,91.919542
2013-07-16,92.263308
2013-07-17,92.495171
2013-07-18,92.882308
2013-07-19,93.061926
2013-07-22,93.195121
2013-07-23,93.291687
2013-07-24,93.015881
2013-07-25,92.445072
2013-07-26,92.319449
2013-07-29,92.329125
2013-07-30,92.368502
2013-07-31,92.210363
2013-08-01,91.74732
2013-08-02,91.59089
2013-08-05,91.546014
2013-08-06,91.451311
2013-08-07,91.316219
2013-08-08,91.359157
2013-08-09,91.415876
2013-08-12,91.421885
2013-08-13,91.397245
2013-08-14,91.382113
2013-08-15,91.129692
2013-08-16,91.057481
2013-08-19,90.881468
2013-08-20,90.716879
2013-08-21,90.60403
2013-08-22,90.505712
2013-08-23,90.600153
2013-08-26,90.724251
2013-08-27,90.756777
2013-08-28,90.744991
2013-08-29,90.835701
2013-08-30,90.895691
2013-09-03,90.581307
2013-09-04,90.508228
2013-09-05,90.336062
2013-09-06,90.379895
2013-09-09,90.477147
2013-09-10,90.55146
2013-09-11,90.643927
2013-09-12,90.785153
2013-09-13,90.859362
2013-09-16,91.19699
2013-09-17,91.25481
2013-09-18,91.384508
2013-09-19,91.971376
2013-09-20,91.98972
2013-09-23,91.916292
2013-09-24,91.864348
2013-09-25,91.77854
2013-09-26,91.715737
2013-09-27,91.615882
2013-09-30,91.413531
2013-10-01,91.046469
2013-10-02,91.147461
2013-10-03,91.325067
2013-10-04,91.440359
2013-10-07,91.513863
2013-10-08,91.538147
2013-10-09,91.515871
2013-10-10,91.662871
2013-10-11,91.773796
2013-10-14,91.822536
2013-10-15,91.956778
2013-10-16,92.119594
2013-10-17,92.410689
2013-10-18,92.731694
2013-10-21,92.910179
2013-10-22,93.05266
2013-10-23,93.098662
2013-10-24,93.175073
2013-10-25,93.198265
2013-10-28,93.271416
2013-10-29,93.30735
2013-10-30,93.40705
2013-10-31,93.352889
2013-11-01,92.889306
2013-11-04,92.906887
2013-11-05,92.778034
2013-11-06,92.790697
2013-11-07,92.842275
2013-11-08,92.567289
2013-11-11,92.614876
2013-11-12,92.465076
2013-11-13,92.318988
2013-11-14,92.476161
2013-11-15,92.579423
2013-11-18,92.767349
2013-11-19,92.815935
2013-11-20,92.8549
2013-11-21,92.770726
2013-11-22,92.84604
2013-11-25,92.974411
2013-11-26,93.059346
2013-11-27,93.11059
2013-11-29,93.116496
2013-12-02,92.713621
2013-12-03,92.724075
2013-12-04,92.651682
2013-12-05,92.638983
2013-12-06,92.685266
2013-12-09,92.774591
2013-12-10,92.87412
2013-12-11,92.914117
2013-12-12,92.826559
2013-12-13,92.777703
2013-12-16,92.820082
2013-12-17,92.819768
2013-12-18,92.825524
2013-12-19,92.871696
2013-12-20,92.900838
2013-12-23,92.92591
2013-12-24,92.928626
2013-12-26,92.498265
2013-12-27,92.49509
2013-12-30,92.600496
2013-12-31,92.618105
2014-01-02,92.733081
2014-01-03,92.780077
2014-01-06,92.918422
2014-01-07,93.07773
2014-01-08,93.099184
2014-01-09,93.136509
2014-01-10,93.218028
2014-01-13,93.344929
2014-01-14,93.355662
2014-01-15,93.460982
2014-01-16,93.534531
2014-01-17,93.575516
2014-01-21,93.654396
2014-01-22,93.678125
2014-01-23,93.623014
2014-01-24,93.238501
2014-01-27,93.110007
2014-01-28,93.175427
2014-01-29,93.102304
2014-01-30,93.186864
2014-01-31,93.121618
2014-02-03,92.657013
2014-02-04,92.55314
2014-02-05,92.572339
2014-02-06,92.718832
2014-02-07,92.910328
2014-02-10,93.042969
2014-02-11,93.201791
2014-02-12,93.336551
2014-02-13,93.3994
2014-02-14,93.488163
2014-02-18,93.640218
2014-02-19,93.793385
2014-02-20,93.885391
2014-02-21,93.990502
2014-02-24,94.160023
2014-02-25,94.31173
2014-02-26,94.44417
2014-02-27,94.526601
2014-02-28,94.639289
2014-03-03,94.116201
2014-03-04,94.173877
2014-03-05,94.174547
2014-03-06,94.105439
2014-03-07,93.894293
2014-03-10,93.827107
2014-03-11,93.840212
2014-03-12,93.778761
2014-03-13,93.808887
2014-03-14,93.647041
2014-03-17,93.753521
2014-03-18,93.885911
2014-03-19,93.996739
2014-03-20,93.805503
2014-03-21,93.897451
2014-03-24,93.954388
2014-03-25,93.989153
2014-03-26,94.065458
2014-03-27,94.038354
2014-03-28,94.089502
2014-03-31,94.160217
2014-04-01,93.778992
2014-04-02,93.806444
2014-04-03,93.852189
2014-04-04,93.947821
2014-04-07,93.936347
2014-04-08,93.929045
2014-04-09,93.971771
2014-04-10,94.059369
2014-04-11,93.880041
2014-04-14,93.947181
2014-04-15,93.961032
2014-04-16,93.969127
2014-04-17,93.950606
2014-04-21,94.000166
2014-04-22,94.019216
2014-04-23,94.072666
2014-04-24,94.115015
2014-04-25,94.101184
2014-04-28,94.128856
2014-04-29,94.142531
2014-04-30,94.21698
2014-05-01,93.828162
2014-05-02,93.859243
2014-05-05,93.901197
2014-05-06,93.949646
2014-05-07,93.991004
2014-05-08,94.058038
2014-05-09,94.108865
2014-05-12,94.195528
2014-05-13,94.287971
2014-05-14,94.361612
2014-05-15,94.330904
2014-05-16,94.305386
2014-05-19,94.348728
2014-05-20,94.412201
2014-05-21,94.399405
2014-05-22,94.336393
2014-05-23,94.328762
2014-05-27,94.433501
2014-05-28,94.477918
2014-05-29,94.556268
2014-05-30,94.642091
2014-06-02,94.235998
2014-06-03,94.222405
2014-06-04,94.242105
2014-06-05,94.33164
2014-06-06,94.467357
2014-06-09,94.561519
2014-06-10,94.637481
2014-06-11,94.643168
2014-06-12,94.671985
2014-06-13,94.722217
2014-06-16,94.74506
2014-06-17,94.780322
2014-06-18,94.795683
2014-06-19,94.934403
2014-06-20,95.003947
2014-06-23,95.058409
2014-06-24,95.111919
2014-06-25,95.03768
2014-06-26,95.034472
2014-06-27,94.99305
2014-06-30,94.997546
2014-07-01,94.590173
2014-07-02,94.585547
2014-07-03,94.578087
2014-07-07,94.631661
2014-07-08,94.612569
2014-07-09,94.549896
2014-07-10,94.359767
2014-07-11,94.33265
2014-07-14,94.407882
2014-07-15,94.287622
2014-07-16,94.172677
2014-07-17,93.975193
2014-07-18,93.743349
2014-07-21,93.747155
2014-07-22,93.811067
2014-07-23,93.943059
2014-07-24,94.010902
2014-07-25,93.962647
2014-07-28,93.936504
2014-07-29,93.845128
2014-07-30,93.623712
2014-07-31,93.016432
2014-08-01,91.911982
2014-08-04,92.096464
2014-08-05,92.42583
2014-08-06,92.361315
2014-08-07,92.55628
2014-08-08,92.535125
2014-08-11,92.823232
2014-08-12,92.983394
2014-08-13,93.300091
2014-08-14,93.491791
2014-08-15,93.618359
2014-08-18,93.745839
2014-08-19,93.914767
2014-08-20,93.963886
2014-08-21,94.013945
2014-08-22,93.972485
2014-08-25,94.040905
2014-08-26,94.061597
2014-08-27,94.068344
2014-08-28,94.05456
2014-08-29,94.054774
2014-09-02,93.640964
2014-09-03,93.552943
2014-09-04,93.412347
2014-09-05,93.160386
2014-09-08,93.153019
2014-09-09,93.016737
2014-09-10,92.688046
2014-09-11,92.537669
2014-09-12,92.477483
2014-09-15,92.4494
2014-09-16,92.323003
2014-09-17,92.413791
2014-09-18,92.60068
2014-09-19,92.710123
2014-09-22,92.693308
2014-09-23,92.43722
2014-09-24,92.136374
2014-09-25,91.714166
2014-09-26,91.240109
2014-09-29,91.022042
2014-09-30,91.395756
2014-10-01,91.250956
2014-10-02,91.309013
2014-10-03,91.674143
2014-10-06,91.981428
2014-10-07,91.8426
2014-10-08,91.61034
2014-10-09,91.494767
2014-10-10,90.926488
2014-10-13,90.944001
2014-10-14,90.578963
2014-10-15,90.080923
2014-10-16,90.171258
2014-10-17,91.461981
2014-10-20,91.577262
2014-10-21,92.180093
2014-10-22,92.423746
2014-10-23,92.375573
2014-10-24,92.463812
2014-10-27,92.412602
2014-10-28,92.402055
2014-10-29,92.423976
2014-10-30,92.358422
2014-10-31,92.510294
2014-11-03,92.110356
2014-11-04,91.868086
2014-11-05,91.908882
2014-11-06,91.914801
2014-11-07,91.914198
2014-11-10,91.975336
2014-11-11,91.990826
2014-11-12,91.964585
2014-11-13,91.890898
2014-11-14,91.698961
2014-11-17,91.551233
2014-11-18,91.320086
2014-11-19,91.083263
2014-11-20,90.972483
2014-11-21,91.37189
2014-11-24,91.42893
2014-11-25,91.534576
2014-11-26,91.548276
2014-11-28,91.173228
2014-12-01,90.298215
2014-12-02,90.067727
2014-12-03,90.068804
2014-12-04,90.13115
2014-12-05,90.071379
2014-12-08,89.915463
2014-12-09,89.279963
2014-12-10,88.90832
2014-12-11,88.647907
2014-12-12,88.112637
2014-12-15,87.655271
2014-12-16,87.00971
2014-12-17,87.548476
2014-12-18,89.126057
2014-12-19,89.360533
2014-12-22,89.612504
2014-12-23,89.716387
2014-12-24,89.381713
2014-12-26,89.422345
2014-12-29,89.485779
2014-12-30,89.511819
2014-12-31,89.428549
2015-01-02,89.449955
2015-01-05,89.318658
2015-01-06,88.919963
2015-01-07,89.082986
2015-01-08,89.509238
2015-01-09,89.676238
2015-01-12,89.630242
2015-01-13,89.639676
2015-01-14,89.437673
2015-01-15,89.486147
2015-01-16,89.344425
2015-01-20,89.409182
2015-01-21,89.409638
2015-01-22,89.609592
2015-01-23,89.733404
2015-01-26,89.828104
2015-01-27,89.849725
2015-01-28,90.057511
2015-01-29,90.063678
2015-01-30,90.105987
2015-02-02,89.751613
2015-02-03,90.033473
2015-02-04,90.203324
2015-02-05,90.42777
2015-02-06,90.66529
2015-02-09,90.695815
2015-02-10,90.747809
2015-02-11,90.679389
2015-02-12,90.708274
2015-02-13,90.830696
2015-02-17,90.976095
2015-02-18,91.036838
2015-02-19,91.067724
2015-02-20,91.125474
2015-02-23,91.127254
2015-02-24,91.280156
2015-02-25,91.451816
2015-02-26,91.652379
2015-02-27,91.664935
2015-03-02,91.364068
2015-03-03,91.252359
2015-03-04,91.005738
2015-03-05,91.025375
2015-03-06,90.814091
2015-03-09,90.620828
2015-03-10,90.285043
2015-03-11,90.286202
2015-03-12,90.358185
2015-03-13,90.089068
2015-03-16,89.941293
2015-03-17,89.71753
2015-03-18,89.64033
2015-03-19,90.041177
2015-03-20,90.073505
2015-03-23,90.195548
2015-03-24,90.321594
2015-03-25,90.419881
2015-03-26,90.345231
2015-03-27,90.347024
2015-03-30,90.476299
2015-03-31,90.534378
2015-04-01,90.139648
2015-04-02,90.183186
2015-04-06,90.424059
2015-04-07,90.662516
2015-04-08,90.860635
2015-04-09,90.86856
2015-04-10,90.913595
2015-04-13,91.01688
2015-04-14,90.961443
2015-04-15,91.1213
2015-04-16,91.124425
2015-04-17,91.076103
2015-04-20,91.148187
2015-04-21,91.185303
2015-04-22,91.186673
2015-04-23,91.177018
2015-04-24,91.192036
2015-04-27,91.258131
2015-04-28,91.167099
2015-04-29,91.07843
2015-04-30,91.027
2015-05-01,90.60555
2015-05-04,90.687515
2015-05-05,90.679604
2015-05-06,90.497581
2015-05-07,90.377401
2015-05-08,90.572549
2015-05-11,90.681653
2015-05-12,90.295296
2015-05-13,90.453642
2015-05-14,90.515761
2015-05-15,90.59258
2015-05-18,90.639925
2015-05-19,90.550655
2015-05-20,90.491063
2015-05-21,90.554186
2015-05-22,90.558106
2015-05-26,90.613431
2015-05-27,90.65735
2015-05-28,90.678414
2015-05-29,90.682562
2015-06-01,90.296671
2015-06-02,90.206146
2015-06-03,90.036261
2015-06-04,89.842878
2015-06-05,89.530713
2015-06-08,89.469177
2015-06-09,89.220204
2015-06-10,89.205521
2015-06-11,89.352317
2015-06-12,89.297359
2015-06-15,89.069319
2015-06-16,88.969776
2015-06-17,89.054875
2015-06-18,89.173484
2015-06-19,89.338963
2015-06-22,89.495449
2015-06-23,89.477759
2015-06-24,89.460953
2015-06-25,89.315865
2015-06-26,89.176616
2015-06-29,88.708011
2015-06-30,88.684609
2015-07-01,88.46275
2015-07-02,88.521032
2015-07-06,88.292542
2015-07-07,88.178913
2015-07-08,88.045725
2015-07-09,88.156584
2015-07-10,88.248879
2015-07-13,88.370604
2015-07-14,88.424262
2015-07-15,88.540011
2015-07-16,88.57092
2015-07-17,88.322317
2015-07-20,88.217046
2015-07-21,87.967496
2015-07-22,87.508931
2015-07-23,87.422915
2015-07-24,87.35399
2015-07-27,86.998072
2015-07-28,87.021562
2015-07-29,87.497949
2015-07-30,87.840805
2015-07-31,87.868599
2015-08-03,87.417866
2015-08-04,87.387797
2015-08-05,87.331563
2015-08-06,87.059875
2015-08-07,86.689231
2015-08-10,86.608257
2015-08-11,86.282744
2015-08-12,85.887899
2015-08-13,86.108704
2015-08-14,86.134414
2015-08-17,86.147708
2015-08-18,86.105422
2015-08-19,85.941296
2015-08-20,85.730482
2015-08-21,85.501688
2015-08-24,84.580823
2015-08-25,85.104477
2015-08-26,85.160151
2015-08-27,85.567199
2015-08-28,85.836512
2015-08-31,85.915418
2015-09-01,85.44481
2015-09-02,85.474717
2015-09-03,85.716623
2015-09-04,85.670806
2015-09-08,85.913567
2015-09-09,86.171119
2015-09-10,86.089823
2015-09-11,86.120759
2015-09-14,86.121376
2015-09-15,86.016482
2015-09-16,85.722136
2015-09-17,85.648879
2015-09-18,85.549096
2015-09-21,85.463702
2015-09-22,84.915695
2015-09-23,84.793074
2015-09-24,84.285307
2015-09-25,84.096182
2015-09-28,83.171723
2015-09-29,82.758377
2015-09-30,82.863144
2015-10-01,82.310802
2015-10-02,81.962433
2015-10-05,82.542794
2015-10-06,83.099074
2015-10-07,83.893984
2015-10-08,84.078539
2015-10-09,84.660453
2015-10-12,84.703398
2015-10-13,84.580721
2015-10-14,84.491996
2015-10-15,84.427995
2015-10-16,84.686436
2015-10-19,84.836967
2015-10-20,85.060802
2015-10-21,85.089584
2015-10-22,84.967594
2015-10-23,85.255742
2015-10-26,85.238084
2015-10-27,85.049786
2015-10-28,85.146772
2015-10-29,85.15871
2015-10-30,85.133194
2015-11-02,84.915391
2015-11-03,85.059668
2015-11-04,85.130867
2015-11-05,84.796326
2015-11-06,84.448679
2015-11-09,84.141186
2015-11-10,83.867345
2015-11-11,83.881332
2015-11-12,83.429857
2015-11-13,83.069897
2015-11-16,82.893862
2015-11-17,83.214217
2015-11-18,83.210493
2015-11-19,82.865038
2015-11-20,82.69516
2015-11-23,82.588014
2015-11-24,82.432834
2015-11-25,82.556902
2015-11-27,82.594758
2015-11-30,82.705148
2015-12-01,82.623548
2015-12-02,82.846031
2015-12-03,82.546006
2015-12-04,82.267408
2015-12-07,81.87493
2015-12-08,81.315321
2015-12-09,81.292299
2015-12-10,81.16877
2015-12-11,80.094611
2015-12-14,79.080093
2015-12-15,79.596655
2015-12-16,80.074152
2015-12-17,80.014819
2015-12-18,79.454519
2015-12-21,79.384524
2015-12-22,79.55989
2015-12-23,79.901246
2015-12-24,79.598649
2015-12-28,79.580225
2015-12-29,79.890996
2015-12-30,79.958248
2015-12-31,79.974172
2016-01-04,79.672405
2016-01-05,79.999337
2016-01-06,80.079767
2016-01-07,79.748665
2016-01-08,79.863517
2016-01-11,79.574909
2016-01-12,79.449709
2016-01-13,79.031182
2016-01-14,78.590243
2016-01-15,77.64678
2016-01-19,77.619916
2016-01-20,76.459646
2016-01-21,76.917743
2016-01-22,77.810497
2016-01-25,78.053401
2016-01-26,78.191852
2016-01-27,78.373805
2016-01-28,78.597734
2016-01-29,78.86409
2016-02-01,78.364041
2016-02-02,77.870285
2016-02-03,77.63305
2016-02-04,77.76004
2016-02-05,77.407697
2016-02-08,76.365183
2016-02-09,75.899852
2016-02-10,76.214882
2016-02-11,75.193977
2016-02-12,75.77779
2016-02-16,76.336105
2016-02-17,77.096169
2016-02-18,77.432021
2016-02-19,77.178616
2016-02-22,77.642435
2016-02-23,77.603851
2016-02-24,77.405448
2016-02-25,77.915247
2016-02-26,78.630916
2016-02-29,79.103263
2016-03-01,79.319048
2016-03-02,79.825433
2016-03-03,80.031959
2016-03-04,80.506231
2016-03-07,80.694213
2016-03-08,80.447356
2016-03-09,80.276768
2016-03-10,80.453748
2016-03-11,81.235031
2016-03-14,81.401718
2016-03-15,81.011681
2016-03-16,80.814218
2016-03-17,81.389988
2016-03-18,81.835873
2016-03-21,81.93104
2016-03-22,81.786423
2016-03-23,81.563189
2016-03-24,80.960144
2016-03-28,80.889545
2016-03-29,80.626168
2016-03-30,81.040838
2016-03-31,81.292893
2016-04-01,80.926073
2016-04-04,81.073379
2016-04-05,80.771897
2016-04-06,81.106886
2016-04-07,80.965922
2016-04-08,81.253216
2016-04-11,81.452471
2016-04-12,81.736464
2016-04-13,82.303573
2016-04-14,82.508655
2016-04-15,82.385758
2016-04-18,82.391222
2016-04-19,82.905514
2016-04-20,83.183041
2016-04-21,83.189585
2016-04-22,83.099804
2016-04-25,83.002832
2016-04-26,83.100679
2016-04-27,83.367282
2016-04-28,83.760045
2016-04-29,83.576147
2016-05-02,83.210551
2016-05-03,82.846807
2016-05-04,82.59713
2016-05-05,82.500416
2016-05-06,82.195626
2016-05-09,82.214838
2016-05-10,82.463472
2016-05-11,82.725656
2016-05-12,82.752198
2016-05-13,82.649425
2016-05-16,82.830362
2016-05-17,82.955665
2016-05-18,82.898681
2016-05-19,82.443518
2016-05-20,82.755416
2016-05-23,82.886796
2016-05-24,83.14263
2016-05-25,83.376287
2016-05-26,83.440792
2016-05-27,83.438136
2016-05-31,83.52103
2016-06-01,82.909589
2016-06-02,83.00148
2016-06-03,83.11846
2016-06-06,83.446945
2016-06-07,83.747892
2016-06-08,84.107839
2016-06-09,84.004439
2016-06-10,83.62511
2016-06-13,83.466914
2016-06-14,82.849759
2016-06-15,83.04175
2016-06-16,82.562127
2016-06-17,82.918167
2016-06-20,83.554641
2016-06-21,83.51801
2016-06-22,83.670748
2016-06-23,83.973232
2016-06-24,83.213929
2016-06-27,82.487607
2016-06-28,82.632572
2016-06-29,83.325659
2016-06-30,83.659088
2016-07-01,83.661361
2016-07-05,83.651625
2016-07-06,83.690516
2016-07-07,84.053235
2016-07-08,84.499723
2016-07-11,85.078306
2016-07-12,85.60982
2016-07-13,85.304076
2016-07-14,85.519782
2016-07-15,85.484834
2016-07-18,85.421133
2016-07-19,85.473416
2016-07-20,85.559344
2016-07-21,85.579887
2016-07-22,85.658545
2016-07-25,85.64711
2016-07-26,85.446014
2016-07-27,85.375186
2016-07-28,85.288176
2016-07-29,85.174141
2016-08-01,84.723247
2016-08-02,84.507617
2016-08-03,84.559104
2016-08-04,84.935339
2016-08-05,85.238327
2016-08-08,85.45107
2016-08-09,85.816886
2016-08-10,85.880197
2016-08-11,85.91032
2016-08-12,86.009507
2016-08-15,86.17106
2016-08-16,86.298725
2016-08-17,86.287973
2016-08-18,86.377437
2016-08-19,86.379989
2016-08-22,86.391812
2016-08-23,86.511037
2016-08-24,86.546311
2016-08-25,86.526711
2016-08-26,86.55267
2016-08-29,86.586361
2016-08-30,86.652142
2016-08-31,86.602139
2016-09-01,86.173302
2016-09-02,86.243582
2016-09-06,86.401912
2016-09-07,86.484184
2016-09-08,86.547375
2016-09-09,86.134202
2016-09-12,85.908663
2016-09-13,85.614937
2016-09-14,85.544859
2016-09-15,85.561185
2016-09-16,85.485316
2016-09-19,85.596448
2016-09-20,85.643429
2016-09-21,85.72547
2016-09-22,86.277474
2016-09-23,86.335143
2016-09-26,86.211368
2016-09-27,86.139056
2016-09-28,86.307662
2016-09-29,86.525371
2016-09-30,86.629761
2016-10-03,86.371747
2016-10-04,86.476927
2016-10-05,86.567373
2016-10-06,86.60977
2016-10-07,86.647276
2016-10-10,86.691205
2016-10-11,86.66878
2016-10-12,86.639153
2016-10-13,86.475476
2016-10-14,86.623553
2016-10-17,86.656665
2016-10-18,86.802379
2016-10-19,87.028759
2016-10-20,87.123038
2016-10-21,87.116035
2016-10-24,87.180045
2016-10-25,87.158988
2016-10-26,86.933565
2016-10-27,86.694478
2016-10-28,86.454096
2016-10-31,86.13965
2016-11-01,85.296019
2016-11-02,85.067044
2016-11-03,85.119755
2016-11-04,85.03541
2016-11-07,85.548197
2016-11-08,85.515006
2016-11-09,85.272349
2016-11-10,84.96437
2016-11-11,84.977806
2016-11-14,84.094709
2016-11-15,84.583332
2016-11-16,84.654802
2016-11-17,84.802744
2016-11-18,84.663356
2016-11-21,84.813412
2016-11-22,85.131971
2016-11-23,85.157168
2016-11-25,85.155104
2016-11-28,85.30702
2016-11-29,85.266239
2016-11-30,85.376375
2016-12-01,84.961008
2016-12-02,85.009989
2016-12-05,85.19129
2016-12-06,85.46155
2016-12-07,85.840406
2016-12-08,85.960724
2016-12-09,86.142752
2016-12-12,86.276616
2016-12-13,86.359546
2016-12-14,86.379782
2016-12-15,85.954558
2016-12-16,85.915824
2016-12-19,85.998059
2016-12-20,86.060687
2016-12-21,86.127558
2016-12-22,85.917045
2016-12-23,86.018816
2016-12-27,86.099517
2016-12-28,86.188204
2016-12-29,86.246325
2016-12-30,86.257326
2017-01-03,86.509732
2017-01-04,86.818272
2017-01-05,87.01967
2017-01-06,87.068935
2017-01-09,87.068604
2017-01-10,87.12115
2017-01-11,87.058684
2017-01-12,87.017333
2017-01-13,87.070569
2017-01-17,87.092449
2017-01-18,87.03992
2017-01-19,86.939999
2017-01-20,86.881654
2017-01-23,86.823478
2017-01-24,86.892035
2017-01-25,87.109085
2017-01-26,87.172614
2017-01-27,87.241883
2017-01-30,87.184365
2017-01-31,87.137382
2017-02-01,86.838872
2017-02-02,86.949004
2017-02-03,87.143378
2017-02-06,87.243269
2017-02-07,87.300395
2017-02-08,87.2041
2017-02-09,87.181946
2017-02-10,87.210608
2017-02-13,87.328359
2017-02-14,87.367384
2017-02-15,87.393329
2017-02-16,87.401849
2017-02-17,87.372889
2017-02-21,87.611535
2017-02-22,87.742996
2017-02-23,87.86276
2017-02-24,87.895524
2017-02-27,87.983714
2017-02-28,88.084022
2017-03-01,87.928289
2017-03-02,87.912347
2017-03-03,87.7787
2017-03-06,87.583261
2017-03-07,87.265762
2017-03-08,86.882569
2017-03-09,86.467303
2017-03-10,86.506777
2017-03-13,86.323844
2017-03-14,85.923696
2017-03-15,86.251129
2017-03-16,86.744315
2017-03-17,86.773418
2017-03-20,86.656463
2017-03-21,86.49087
2017-03-22,86.233076
2017-03-23,86.347152
2017-03-24,86.493161
2017-03-27,86.463205
2017-03-28,86.686477
2017-03-29,87.036343
2017-03-30,87.340936
2017-03-31,87.411836
2017-04-03,87.058177
2017-04-04,87.044935
2017-04-05,87.202481
2017-04-06,87.215852
2017-04-07,87.271502
2017-04-10,87.355474
2017-04-11,87.315444
2017-04-12,87.268095
2017-04-13,87.245837
2017-04-17,87.253215
2017-04-18,87.170506
2017-04-19,87.248207
2017-04-20,87.302033
2017-04-21,87.355132
2017-04-24,87.591723
2017-04-25,87.710054
2017-04-26,87.835576
2017-04-27,87.842755
2017-04-28,87.906927
2017-05-01,87.582099
2017-05-02,87.679016
2017-05-03,87.682433
2017-05-04,87.455419
2017-05-05,87.410089
2017-05-08,87.487767
2017-05-09,87.572796
2017-05-10,87.647102
2017-05-11,87.714017
2017-05-12,87.738524
2017-05-15,87.878094
2017-05-16,87.949088
2017-05-17,87.868305
2017-05-18,87.770016
2017-05-19,87.978149
2017-05-22,88.124432
2017-05-23,88.200018
2017-05-24,88.254615
2017-05-25,88.325792
2017-05-26,88.327761
2017-05-30,88.38517
2017-05-31,88.389659
2017-06-01,88.115703
2017-06-02,88.210073
2017-06-05,88.251917
2017-06-06,88.23272
2017-06-07,88.137802
2017-06-08,88.038108
2017-06-09,88.080457
2017-06-12,88.126848
2017-06-13,88.250892
2017-06-14,88.277461
2017-06-15,88.176887
2017-06-16,88.125939
2017-06-19,88.20937
2017-06-20,88.037142
2017-06-21,87.829009
2017-06-22,87.766063
2017-06-23,87.811985
2017-06-26,87.935077
2017-06-27,88.02446
2017-06-28,88.053455
2017-06-29,88.070008
2017-06-30,88.079772
2017-07-03,87.761718
2017-07-05,87.769181
2017-07-06,87.626025
2017-07-07,87.439691
2017-07-10,87.474101
2017-07-11,87.495063
2017-07-12,87.719251
2017-07-13,87.810573
2017-07-14,87.977706
2017-07-17,88.171317
2017-07-18,88.270579
2017-07-19,88.415246
2017-07-20,88.525012
2017-07-21,88.523719
2017-07-24,88.536364
2017-07-25,88.57757
2017-07-26,88.649796
2017-07-27,88.62018
2017-07-28,88.614923
2017-07-31,88.609033
2017-08-01,88.302177
2017-08-02,88.329695
2017-08-03,88.267217
2017-08-04,88.241841
2017-08-07,88.237234
2017-08-08,88.16477
2017-08-09,87.803433
2017-08-10,87.539594
2017-08-11,87.43315
2017-08-14,87.609579
2017-08-15,87.597854
2017-08-16,87.666014
2017-08-17,87.582473
2017-08-18,87.465964
2017-08-21,87.48807
2017-08-22,87.531236
2017-08-23,87.577716
2017-08-24,87.680596
2017-08-25,87.774203
2017-08-28,87.856549
2017-08-29,87.851346
2017-08-30,87.936334
2017-08-31,88.093914
2017-09-01,87.810358
2017-09-05,87.834679
2017-09-06,87.898907
2017-09-07,87.93648
2017-09-08,87.86673
2017-09-11,87.916154
2017-09-12,87.942552
2017-09-13,87.958631
2017-09-14,88.021512
2017-09-15,88.025892
2017-09-18,88.105964
2017-09-19,88.152818
2017-09-20,88.213227
2017-09-21,88.182061
2017-09-22,88.171829
2017-09-25,88.238816
2017-09-26,88.3095
2017-09-27,88.276219
2017-09-28,88.338274
2017-09-29,88.406655
2017-10-02,88.080419
2017-10-03,88.104108
2017-10-04,88.124134
2017-10-05,88.181883
2017-10-06,88.164657
2017-10-09,88.203134
2017-10-10,88.226182
2017-10-11,88.242002
2017-10-12,88.17726
2017-10-13,88.142442
2017-10-16,88.198301
2017-10-17,88.283227
2017-10-18,88.344825
2017-10-19,88.373531
2017-10-20,88.408257
2017-10-23,88.472161
2017-10-24,88.47888
2017-10-25,88.3029
2017-10-26,88.287382
2017-10-27,88.23143
2017-10-30,88.240185
2017-10-31,88.261619
2017-11-01,87.933529
2017-11-02,87.848954
2017-11-03,87.836484
2017-11-06,87.834221
2017-11-07,87.759941
2017-11-08,87.428015
2017-11-09,87.068619
2017-11-10,87.066914
2017-11-13,87.040285
2017-11-14,86.806106
2017-11-15,86.538051
2017-11-16,87.04446
2017-11-17,87.096448
2017-11-20,87.196737
2017-11-21,87.330636
2017-11-22,87.420274
2017-11-24,87.461303
2017-11-27,87.504695
2017-11-28,87.479273
2017-11-29,87.518095
2017-11-30,87.538377
2017-12-01,87.181808
2017-12-04,87.277262
2017-12-05,87.304737
2017-12-06,87.210865
2017-12-07,87.149664
2017-12-08,87.171332
2017-12-11,87.227372
2017-12-12,87.279364
2017-12-13,87.274661
2017-12-14,87.233918
2017-12-15,87.19536
2017-12-18,87.207983
2017-12-19,87.174042
2017-12-20,87.157918
2017-12-21,86.814623
2017-12-22,86.81504
2017-12-26,86.855403
2017-12-27,86.896164
2017-12-28,86.939423
2017-12-29,86.969546
2018-01-02,87.084761
2018-01-03,87.329344
2018-01-04,87.565497
2018-01-05,87.679725
2018-01-08,87.722841
2018-01-09,87.704284
2018-01-10,87.454935
2018-01-11,87.523367
2018-01-12,87.541155
2018-01-16,87.612955
2018-01-17,87.568861
2018-01-18,87.459652
2018-01-19,87.397882
2018-01-22,87.42706
2018-01-23,87.557555
2018-01-24,87.603857
2018-01-25,87.624552
2018-01-26,87.643813
2018-01-29,87.535177
2018-01-30,87.276243
2018-01-31,87.336531
2018-02-01,86.87708
2018-02-02,86.508561
2018-02-05,86.311508
2018-02-06,85.987615
2018-02-07,86.270926
2018-02-08,85.829977
2018-02-09,85.141141
2018-02-12,85.462467
2018-02-13,85.24272
2018-02-14,85.238028
2018-02-15,85.675059
2018-02-16,86.014608
2018-02-20,86.120449
2018-02-21,86.103299
2018-02-22,85.961728
2018-02-23,85.886119
2018-02-26,86.161684
2018-02-27,86.158794
2018-02-28,86.133237
2018-03-01,85.610903
2018-03-02,85.344504
2018-03-05,85.487285
2018-03-06,85.687058
2018-03-07,85.602251
2018-03-08,85.619281
2018-03-09,85.678821
2018-03-12,85.702281
2018-03-13,85.644756
2018-03-14,85.54941
2018-03-15,85.472661
2018-03-16,85.5125
2018-03-19,85.389573
2018-03-20,85.34668
2018-03-21,85.375804
2018-03-22,85.281511
2018-03-23,85.205467
2018-03-26,85.20073
2018-03-27,85.299108
2018-03-28,85.230562
2018-03-29,85.290128
2018-04-02,84.85028
2018-04-03,84.855885
2018-04-04,84.904086
2018-04-05,85.21425
2018-04-06,85.262681
2018-04-09,85.365501
2018-04-10,85.618283
2018-04-11,85.699309
2018-04-12,85.867849
2018-04-13,86.071887
2018-04-16,86.186464
2018-04-17,86.351075
2018-04-18,86.38156
2018-04-19,86.046047
2018-04-20,85.923072
2018-04-23,85.740726
2018-04-24,85.589883
2018-04-25,85.338285
2018-04-26,85.49439
2018-04-27,85.547028
2018-04-30,85.56962
2018-05-01,85.112018
2018-05-02,85.212619
2018-05-03,85.122293
2018-05-04,85.170158
2018-05-07,85.282592
2018-05-08,85.282557
2018-05-09,85.329773
2018-05-10,85.410786
2018-05-11,85.466371
2018-05-14,85.518455
2018-05-15,85.373396
2018-05-16,85.319311
2018-05-17,85.306758
2018-05-18,85.275844
2018-05-21,85.31317
2018-05-22,85.366518
2018-05-23,85.289965
2018-05-24,85.323075
2018-05-25,85.303998
2018-05-29,85.114096
2018-05-30,85.241822
2018-05-31,85.335231
2018-06-01,85.033004
2018-06-04,85.137097
2018-06-05,85.22693
2018-06-06,85.333204
2018-06-07,85.462033
2018-06-08,85.470237
2018-06-11,85.548545
2018-06-12,85.645358
2018-06-13,85.7547
2018-06-14,85.850093
2018-06-15,85.867195
2018-06-18,85.851369
2018-06-19,85.766096
2018-06-20,85.886398
2018-06-21,85.830658
2018-06-22,85.854805
2018-06-25,85.711471
2018-06-26,85.621859
2018-06-27,85.546331
2018-06-28,85.219437
2018-06-29,85.27566
2018-07-02,84.633511
2018-07-03,84.730394
2018-07-05,84.781372
2018-07-06,84.846771
2018-07-09,85.079059
2018-07-10,85.256806
2018-07-11,85.159505
2018-07-12,85.307843
2018-07-13,85.377121
2018-07-16,85.368288
2018-07-17,85.378852
2018-07-18,85.430587
2018-07-19,85.420741
2018-07-20,85.442968
2018-07-23,85.483099
2018-07-24,85.564547
2018-07-25,85.594086
2018-07-26,85.68807
2018-07-27,85.716154
2018-07-30,85.761855
2018-07-31,85.869712
2018-08-01,85.523371
2018-08-02,85.562101
2018-08-03,85.681586
2018-08-06,85.752631
2018-08-07,85.914116
2018-08-08,85.899327
2018-08-09,85.896198
2018-08-10,85.74533
2018-08-13,85.678015
2018-08-14,85.704457
2018-08-15,85.586572
2018-08-16,85.713129
2018-08-17,85.739877
2018-08-20,85.834415
2018-08-21,85.921963
2018-08-22,86.025106
2018-08-23,86.041136
2018-08-24,86.083478
2018-08-27,86.162784
2018-08-28,86.173913
2018-08-29,86.193427
2018-08-30,86.163679
2018-08-31,86.103108
2018-09-04,85.747802
2018-09-05,85.66577
2018-09-06,85.634825
2018-09-07,85.587581
2018-09-10,85.650898
2018-09-11,85.709144
2018-09-12,85.860574
2018-09-13,85.973062
2018-09-14,86.038219
2018-09-17,86.048522
2018-09-18,86.113975
2018-09-19,86.075575
2018-09-20,86.055566
2018-09-21,86.06889
2018-09-24,86.024629
2018-09-25,86.009558
2018-09-26,86.057634
2018-09-27,86.112218
2018-09-28,86.167304
2018-10-01,86.004795
2018-10-02,86.058238
2018-10-03,86.035432
2018-10-04,85.586793
2018-10-05,85.4231
2018-10-08,85.461714
2018-10-09,85.166473
2018-10-10,84.804432
2018-10-11,84.792327
2018-10-12,84.984558
2018-10-15,85.029759
2018-10-16,85.207611
2018-10-17,85.166688
2018-10-18,84.975602
2018-10-19,84.923085
2018-10-22,84.900654
2018-10-23,84.586387
2018-10-24,84.65093
2018-10-25,84.489626
2018-10-26,84.263751
2018-10-29,84.285855
2018-10-30,84.089438
2018-10-31,84.337979
2018-11-01,83.998445
2018-11-02,84.10502
2018-11-05,84.178543
2018-11-06,84.267023
2018-11-07,84.560734
2018-11-08,84.623795
2018-11-09,84.264351
2018-11-12,84.304682
2018-11-13,83.909432
2018-11-14,83.573123
2018-11-15,83.214145
2018-11-16,83.101476
2018-11-19,83.03163
2018-11-20,82.778823
2018-11-21,83.036406
2018-11-23,82.89094
2018-11-26,83.119785
2018-11-27,83.003589
2018-11-28,83.25706
2018-11-29,83.440896
2018-11-30,83.499944
2018-12-03,83.503945
2018-12-04,83.4085
2018-12-06,82.830289
2018-12-07,83.019724
2018-12-10,82.830639
2018-12-11,82.937261
2018-12-12,83.199128
2018-12-13,83.236915
2018-12-14,83.134348
2018-12-17,82.92513
2018-12-18,82.162538
2018-12-19,81.945044
2018-12-20,80.785263
2018-12-21,80.561815
2018-12-24,80.329094
2018-12-26,80.222783
2018-12-27,80.372777
2018-12-28,80.707493
2018-12-31,80.897598
2019-01-02,80.972737
2019-01-03,81.065265
2019-01-04,82.141978
2019-01-07,82.773314
2019-01-08,83.204611
2019-01-09,83.608134
2019-01-10,83.540638
2019-01-11,83.586398
2019-01-14,83.459637
2019-01-15,83.565519
2019-01-16,83.867119
2019-01-17,83.906326
2019-01-18,84.203089
2019-01-22,83.992573
2019-01-23,83.92782
2019-01-24,83.882055
2019-01-25,84.099374
2019-01-28,83.988534
2019-01-29,84.099789
2019-01-30,84.289743
2019-01-31,84.710324
2019-02-01,84.432238
2019-02-04,84.517177
2019-02-05,84.842551
2019-02-06,84.937407
2019-02-07,84.615412
2019-02-08,84.513607
2019-02-11,84.569566
2019-02-12,84.875904
2019-02-13,84.916143
2019-02-14,84.915134
2019-02-15,85.070809
2019-02-19,85.130044
2019-02-20,85.234996
2019-02-21,85.234273
2019-02-22,85.318136
2019-02-25,85.471123
2019-02-26,85.575723
2019-02-27,85.676992
2019-02-28,85.710782
2019-03-01,85.372189
2019-03-04,85.352493
2019-03-05,85.296413
2019-03-06,85.184145
2019-03-07,85.052551
2019-03-08,84.810786
2019-03-11,84.989063
2019-03-12,85.186309
2019-03-13,85.42931
2019-03-14,85.492965
2019-03-15,85.549987
2019-03-18,85.599021
2019-03-19,85.687592
2019-03-20,85.71296
2019-03-21,85.912172
2019-03-22,85.792076
2019-03-25,85.710022
2019-03-26,85.844593
2019-03-27,85.865809
2019-03-28,85.908917
2019-03-29,86.091495
2019-04-01,85.923964
2019-04-02,85.94612
2019-04-03,86.052452
2019-04-04,86.064186
2019-04-05,86.194627
2019-04-08,86.266178
2019-04-09,86.275481
2019-04-10,86.33082
2019-04-11,86.488152
2019-04-12,86.667822
2019-04-15,86.676469
2019-04-16,86.708397
2019-04-17,86.633275
2019-04-18,86.579115
2019-04-22,86.570616
2019-04-23,86.646303
2019-04-24,86.709377
2019-04-25,86.652587
2019-04-26,86.676806
2019-04-29,86.756733
2019-04-30,86.794319
2019-05-01,86.469407
2019-05-02,86.310798
2019-05-03,86.423329
2019-05-06,86.341485
2019-05-07,86.186022
2019-05-08,86.194655
2019-05-09,85.963946
2019-05-10,85.911302
2019-05-13,85.537931
2019-05-14,85.701749
2019-05-15,85.619501
2019-05-16,85.853445
2019-05-17,85.825902
2019-05-20,85.826049
2019-05-21,85.962963
2019-05-22,85.921172
2019-05-23,85.612986
2019-05-24,85.715851
2019-05-28,85.733968
2019-05-29,85.412507
2019-05-30,85.515304
2019-05-31,85.186644
2019-06-03,84.779786
2019-06-04,85.158957
2019-06-05,85.32245
2019-06-06,85.442328
2019-06-07,85.769103
2019-06-10,86.047327
2019-06-11,86.149035
2019-06-12,86.038615
2019-06-13,86.084615
2019-06-14,86.035099
2019-06-17,86.074046
2019-06-18,86.367591
2019-06-19,86.481908
2019-06-20,87.108227
2019-06-21,87.068333
2019-06-24,87.089908
2019-06-25,86.89385
2019-06-26,86.862055
2019-06-27,86.848995
2019-06-28,86.953989
2019-07-01,86.788519
2019-07-02,86.760076
2019-07-03,86.853818
2019-07-05,86.795773
2019-07-08,86.780049
2019-07-09,86.656177
2019-07-10,86.781874
2019-07-11,86.746198
2019-07-12,86.740528
2019-07-15,86.785873
2019-07-16,86.763473
2019-07-17,86.678
2019-07-18,86.500358
2019-07-19,86.505324
2019-07-22,86.572465
2019-07-23,86.710311
2019-07-24,86.826933
2019-07-25,86.871471
2019-07-26,86.972705
2019-07-29,86.982068
2019-07-30,86.937702
2019-07-31,87.027427
2019-08-01,86.488099
2019-08-02,86.286161
2019-08-05,85.595729
2019-08-06,85.805781
2019-08-07,85.534007
2019-08-08,86.020105
2019-08-09,86.015982
2019-08-12,85.98264
2019-08-13,86.169373
2019-08-14,85.739255
2019-08-15,85.721719
2019-08-16,85.875965
2019-08-19,86.158025
2019-08-20,86.269336
2019-08-21,86.573753
2019-08-22,86.689955
2019-08-23,86.595007
2019-08-26,86.671886
2019-08-27,86.772856
2019-08-28,86.83671
2019-08-29,87.002451
2019-08-30,87.043626
2019-09-03,86.521753
2019-09-04,86.640431
2019-09-05,86.756441
2019-09-06,86.84645
2019-09-09,86.964132
2019-09-10,87.04989
2019-09-11,87.01658
2019-09-12,87.070429
2019-09-13,86.96522
2019-09-16,87.184767
2019-09-17,87.174994
2019-09-18,87.143302
2019-09-19,87.21501
2019-09-20,87.209678
2019-09-23,87.231884
2019-09-24,87.163494
2019-09-25,87.021257
2019-09-26,86.979117
2019-09-27,86.90228
2019-09-30,86.894185
2019-10-01,86.472486
2019-10-02,86.082153
2019-10-03,86.034533
2019-10-04,86.174117
2019-10-07,86.243826
2019-10-08,86.107502
2019-10-09,86.212588
2019-10-10,86.257367
2019-10-11,86.461945
2019-10-14,86.501283
2019-10-15,86.667523
2019-10-16,86.752583
2019-10-17,86.829365
2019-10-18,86.825195
2019-10-21,86.91702
2019-10-22,86.944684
2019-10-23,86.992521
2019-10-24,87.030711
2019-10-25,87.130928
2019-10-28,87.180028
2019-10-29,87.148058
2019-10-30,87.034559
2019-10-31,86.834588
2019-11-01,86.641655
2019-11-04,86.872058
2019-11-05,86.861104
2019-11-06,86.753105
2019-11-07,86.782168
2019-11-08,86.748108
2019-11-11,86.78807
2019-11-12,86.801392
2019-11-13,86.686635
2019-11-14,86.652928
2019-11-15,86.696802
2019-11-18,86.670101
2019-11-19,86.510176
2019-11-20,86.398443
2019-11-21,86.356464
2019-11-22,86.398082
2019-11-25,86.582723
2019-11-26,86.721134
2019-11-27,86.807075
2019-11-29,86.812964
2019-12-02,86.397589
2019-12-03,86.297934
2019-12-04,86.517047
2019-12-05,86.601513
2019-12-06,86.796847
2019-12-09,86.881112
2019-12-10,86.976724
2019-12-11,87.07786
2019-12-12,87.301973
2019-12-13,87.445834
2019-12-16,87.609867
2019-12-17,87.782395
2019-12-18,87.961347
2019-12-19,87.666434
2019-12-20,87.717733
2019-12-23,87.752011
2019-12-24,87.765964
2019-12-26,87.81535
2019-12-27,87.84237
2019-12-30,87.839377
2019-12-31,87.829968
2020-01-02,87.964579
2020-01-03,87.979439
2020-01-06,88.008457
2020-01-07,88.044611
2020-01-08,88.040622
2020-01-09,88.065932
2020-01-10,88.122946
2020-01-13,88.188579
2020-01-14,88.238525
2020-01-15,88.290547
2020-01-16,88.327745
2020-01-17,88.322732
2020-01-21,88.292891
2020-01-22,88.235371
2020-01-23,88.053196
2020-01-24,87.810265
2020-01-27,87.287639
2020-01-28,87.698127
2020-01-29,87.780693
2020-01-30,87.548166
2020-01-31,87.513423
2020-02-03,87.255221
2020-02-04,87.479527
2020-02-05,87.667541
2020-02-06,87.82906
2020-02-07,87.801342
2020-02-10,87.789114
2020-02-11,88.064317
2020-02-12,88.188092
2020-02-13,88.215048
2020-02-14,88.203559
2020-02-18,88.186191
2020-02-19,88.280213
2020-02-20,88.282144
2020-02-21,88.224089
2020-02-24,87.524003
2020-02-25,87.274275
2020-02-26,87.087252
2020-02-27,86.273724
2020-02-28,85.678925
2020-03-02,85.822176
2020-03-03,86.289913
2020-03-04,86.794224
2020-03-05,86.207036
2020-03-06,84.878391
2020-03-09,81.835021
2020-03-10,82.403437
2020-03-11,81.315325
2020-03-12,78.400706
2020-03-13,78.970814
2020-03-16,75.829218
2020-03-17,75.420649
2020-03-18,72.724237
2020-03-19,70.746289
2020-03-20,70.654338
2020-03-23,68.916381
2020-03-24,69.775936
2020-03-25,71.633551
2020-03-26,74.411421
2020-03-27,75.449004
2020-03-30,76.225284
2020-03-31,76.715148
2020-04-01,75.222643
2020-04-02,74.921881
2020-04-03,74.202292
2020-04-06,74.62154
2020-04-07,75.643087
2020-04-08,75.968268
2020-04-09,78.748108
2020-04-13,79.404193
2020-04-14,80.209538
2020-04-15,79.884771
2020-04-16,79.952488
2020-04-17,80.439657
2020-04-20,80.020141
2020-04-21,78.79778
2020-04-22,78.823309
2020-04-23,78.75401
2020-04-24,78.329941
2020-04-27,78.264931
2020-04-28,78.370024
2020-04-29,78.724318
2020-04-30,78.99277
2020-05-01,78.365813
2020-05-04,78.241759
2020-05-05,78.669264
2020-05-06,78.741395
2020-05-07,78.991185
2020-05-08,79.16389
2020-05-11,79.161685
2020-05-12,79.508822
2020-05-13,79.012783
2020-05-14,78.528022
2020-05-15,78.482491
2020-05-18,79.398928
2020-05-19,79.604685
2020-05-20,80.202008
2020-05-21,80.458652
2020-05-22,80.54119
2020-05-26,81.329016
2020-05-27,81.589409
2020-05-28,81.89485
2020-05-29,81.79472
2020-06-01,81.717565
2020-06-02,82.349732
2020-06-03,83.133429
2020-06-04,83.159657
2020-06-05,83.960075
2020-06-08,84.015267
2020-06-09,83.569439
2020-06-10,83.282984
2020-06-11,81.922627
2020-06-12,82.185002
2020-06-15,82.172726
2020-06-16,83.258625
2020-06-17,83.176088
2020-06-18,82.830284
2020-06-19,82.796843
2020-06-22,82.731524
2020-06-23,82.74231
2020-06-24,82.19979
2020-06-25,81.910851
2020-06-26,81.640054
2020-06-29,81.275152
2020-06-30,81.290096
2020-07-01,81.238346
2020-07-02,81.680518
2020-07-06,82.120213
2020-07-07,82.153867
2020-07-08,82.090929
2020-07-09,81.978208
2020-07-10,81.92908
2020-07-13,82.217773
2020-07-14,82.174442
2020-07-15,82.643067
2020-07-16,82.788506
2020-07-17,82.913384
2020-07-20,83.300377
2020-07-21,83.864484
2020-07-22,84.092402
2020-07-23,84.168242
2020-07-24,84.160112
2020-07-27,84.274498
2020-07-28,84.259101
2020-07-29,84.511519
2020-07-30,84.653068
2020-07-31,84.775896
2020-08-03,84.635124
2020-08-04,84.623627
2020-08-05,84.833491
2020-08-06,84.823897
2020-08-07,84.828961
2020-08-10,84.81534
2020-08-11,84.881712
2020-08-12,84.737031
2020-08-13,84.522832
2020-08-14,84.275258
2020-08-17,84.243164
2020-08-18,84.291186
2020-08-19,84.316647
2020-08-20,84.291839
2020-08-21,84.310491
2020-08-24,84.522397
2020-08-25,84.762778
2020-08-26,84.825374
2020-08-27,84.934801
2020-08-28,85.004274
2020-08-31,85.040326
2020-09-01,84.773354
2020-09-02,84.922583
2020-09-03,84.787649
2020-09-04,84.532022
2020-09-08,84.217929
2020-09-09,84.367132
2020-09-10,84.394003
2020-09-11,84.330764
2020-09-14,84.370356
2020-09-15,84.444087
2020-09-16,84.569813
2020-09-17,84.465387
2020-09-18,84.419701
2020-09-21,83.822751
2020-09-22,83.649346
2020-09-23,83.481136
2020-09-24,83.001438
2020-09-25,82.983617
2020-09-28,83.330208
2020-09-29,83.398162
2020-09-30,83.666996
2020-10-01,83.483488
2020-10-02,83.401746
2020-10-05,83.785801
2020-10-06,84.143648
2020-10-07,84.210365
2020-10-08,84.410089
2020-10-09,84.501888
2020-10-12,84.543703
2020-10-13,84.683717
2020-10-14,84.635996
2020-10-15,84.352999
2020-10-16,84.503186
2020-10-19,84.569065
2020-10-20,84.599731
2020-10-21,84.567027
2020-10-22,84.538542
2020-10-23,84.573209
2020-10-26,84.294531
2020-10-27,84.193682
2020-10-28,83.567324
2020-10-29,83.588082
2020-10-30,83.535871
2020-11-02,83.356161
2020-11-03,83.725372
2020-11-04,84.582491
2020-11-05,85.118907
2020-11-06,85.028721
2020-11-09,86.050593
2020-11-10,85.757855
2020-11-11,85.76959
2020-11-12,85.303908
2020-11-13,85.289427
2020-11-16,85.570721
2020-11-17,85.652641
2020-11-18,85.797506
2020-11-19,85.729011
2020-11-20,85.721797
2020-11-23,85.853847
2020-11-24,86.196835
2020-11-25,86.181106
2020-11-27,86.184833
2020-11-30,86.226567
2020-12-01,86.084946
2020-12-02,86.187486
2020-12-03,86.415254
2020-12-04,86.598482
2020-12-07,86.666859
2020-12-08,86.683001
2020-12-09,86.622392
2020-12-10,86.607357
2020-12-11,86.574601
2020-12-14,86.648797
2020-12-15,86.6863
2020-12-16,86.721493
2020-12-17,86.418972
2020-12-18,86.471115
2020-12-21,86.228771
2020-12-22,86.31799
2020-12-23,86.407703
2020-12-24,86.436484
2020-12-28,86.776417
2020-12-29,86.832776
2020-12-30,86.889482
2020-12-31,86.88463
2021-01-04,86.876069
2021-01-05,86.890787
2021-01-06,86.983136
2021-01-07,87.048464
2021-01-08,87.094849
2021-01-11,86.975328
2021-01-12,86.865113
2021-01-13,87.014757
2021-01-14,87.14768
2021-01-15,87.165725
2021-01-19,87.264221
2021-01-20,87.368537
2021-01-21,87.363109
2021-01-22,87.239456
2021-01-25,87.243972
2021-01-26,87.263836
2021-01-27,87.058773
2021-01-28,87.186426
2021-01-29,87.06227
2021-02-01,86.832049
2021-02-02,87.008127
2021-02-03,87.161965
2021-02-04,87.276047
2021-02-05,87.408232
2021-02-08,87.525324
2021-02-09,87.562474
2021-02-10,87.5863
2021-02-11,87.581918
2021-02-12,87.566156
2021-02-16,87.583466
2021-02-17,87.534906
2021-02-18,87.459524
2021-02-19,87.473912
2021-02-22,87.392602
2021-02-23,87.323677
2021-02-24,87.340548
2021-02-25,86.937398
2021-02-26,86.789307
2021-03-01,86.839999
2021-03-02,86.864298
2021-03-03,86.76345
2021-03-04,86.513344
2021-03-05,86.388804
2021-03-08,86.211285
2021-03-09,86.179248
2021-03-10,86.239215
2021-03-11,86.568056
2021-03-12,86.36014
2021-03-15,86.363093
2021-03-16,86.336572
2021-03-17,86.259909
2021-03-18,85.920973
2021-03-19,85.969682
2021-03-22,86.257675
2021-03-23,86.332282
2021-03-24,86.520761
2021-03-25,86.481252
2021-03-26,86.563174
2021-03-29,86.612907
2021-03-30,86.585177
2021-03-31,86.800042
2021-04-01,86.684074
2021-04-05,86.856696
2021-04-06,87.019344
2021-04-07,87.079473
2021-04-08,87.142017
2021-04-09,87.087348
2021-04-12,87.004157
2021-04-13,86.947589
2021-04-14,87.022058
2021-04-15,87.209874
2021-04-16,87.259874
2021-04-19,87.180475
2021-04-20,87.024487
2021-04-21,87.079782
2021-04-22,87.115685
2021-04-23,87.219616
2021-04-26,87.277899
2021-04-27,87.27999
2021-04-28,87.29603
2021-04-29,87.336765
2021-04-30,87.336371
2021-05-03,87.149785
2021-05-04,87.048603
2021-05-05,87.153011
2021-05-06,87.17197
2021-05-07,87.257465
2021-05-10,87.268075
2021-05-11,87.009951
2021-05-12,86.823741
2021-05-13,86.880036
2021-05-14,86.982618
2021-05-17,86.96313
2021-05-18,86.955896
2021-05-19,86.728782
2021-05-20,86.811162
2021-05-21,86.87808
2021-05-24,86.97451
2021-05-25,87.036918
2021-05-26,87.073859
2021-05-27,87.132641
2021-05-28,87.190714
2021-06-01,87.008256
2021-06-02,87.104325
2021-06-03,87.06516
2021-06-04,87.151743
2021-06-07,87.180533
2021-06-08,87.267715
2021-06-09,87.401392
2021-06-10,87.434804
2021-06-11,87.493056
2021-06-14,87.517585
2021-06-15,87.509468
2021-06-16,87.446039
2021-06-17,87.400204
2021-06-18,87.338542
2021-06-21,87.439983
2021-06-22,87.453601
2021-06-23,87.518656
2021-06-24,87.600167
2021-06-25,87.675487
2021-06-28,87.752871
2021-06-29,87.809296
2021-06-30,87.90663
2021-07-01,87.704663
2021-07-02,87.763922
2021-07-06,87.83485
2021-07-07,87.922346
2021-07-08,87.787225
2021-07-09,87.838159
2021-07-12,87.881726
2021-07-13,87.833897
2021-07-14,87.791997
2021-07-15,87.693333
2021-07-16,87.656409
2021-07-19,87.166667
2021-07-20,87.404493
2021-07-21,87.619458
2021-07-22,87.683196
2021-07-23,87.741038
2021-07-26,87.764078
2021-07-27,87.656001
2021-07-28,87.662111
2021-07-29,87.727414
2021-07-30,87.728794
2021-08-02,87.473884
2021-08-03,87.340615
2021-08-04,87.255422
2021-08-05,87.29076
2021-08-06,87.282834
2021-08-09,87.202573
2021-08-10,87.130588
2021-08-11,87.054733
2021-08-12,87.097501
2021-08-13,87.16095
2021-08-16,87.16228
2021-08-17,87.111701
2021-08-18,87.16651
2021-08-19,87.03894
2021-08-20,87.114166
2021-08-23,87.30792
2021-08-24,87.454127
2021-08-25,87.53695
2021-08-26,87.553264
2021-08-27,87.742202
2021-08-30,87.913166
2021-08-31,87.962905
2021-09-01,87.737503
2021-09-02,87.830364
2021-09-03,87.835337
2021-09-07,87.767765
2021-09-08,87.769394
2021-09-09,87.839186
2021-09-10,87.903451
2021-09-13,87.957939
2021-09-14,87.933588
2021-09-15,88.013355
2021-09-16,87.965758
2021-09-17,87.93673
2021-09-20,87.605802
2021-09-21,87.767215
2021-09-22,87.896127
2021-09-23,87.880893
2021-09-24,87.782975
2021-09-27,87.726883
2021-09-28,87.470174
2021-09-29,87.572269
2021-09-30,87.506512
2021-10-01,87.238618
2021-10-04,87.141226
2021-10-05,87.132843
2021-10-06,86.881317
2021-10-07,87.023554
2021-10-08,86.903348
2021-10-11,86.918135
2021-10-12,86.701965
2021-10-13,86.729608
2021-10-14,87.006609
2021-10-15,87.033493
2021-10-18,86.981517
2021-10-19,87.058856
2021-10-20,87.072826
2021-10-21,87.018369
2021-10-22,86.923705
2021-10-25,86.912545
2021-10-26,86.950636
2021-10-27,86.980448
2021-10-28,86.995044
2021-10-29,86.933144
2021-11-01,86.635179
2021-11-02,86.678111
2021-11-03,86.670768
2021-11-04,86.862021
2021-11-05,87.209991
2021-11-08,87.268343
2021-11-09,87.256191
2021-11-10,86.99012
2021-11-11,86.999746
2021-11-12,86.878888
2021-11-15,86.74195
2021-11-16,86.651899
2021-11-17,86.624402
2021-11-18,86.627772
2021-11-19,86.586151
2021-11-22,86.487272
2021-11-23,86.106794
2021-11-24,85.95674
2021-11-26,85.437486
2021-11-29,85.809633
2021-11-30,85.698968
2021-12-01,85.650122
2021-12-02,85.732031
2021-12-03,85.856402
2021-12-06,86.157162
2021-12-07,86.649666
2021-12-08,86.547234
2021-12-09,86.44413
2021-12-10,86.422218
2021-12-13,86.436469
2021-12-14,86.305086
2021-12-15,86.363022
2021-12-16,86.23285
2021-12-17,86.169801
2021-12-20,86.057585
2021-12-21,86.363414
2021-12-22,86.555895
2021-12-23,86.678811
2021-12-27,86.901688
2021-12-28,86.962182
2021-12-29,86.922283
2021-12-30,86.907736
2021-12-31,86.900031
2022-01-03,86.74745
2022-01-04,86.617137
2022-01-05,86.414215
2022-01-06,86.176245
2022-01-07,85.935154
2022-01-10,85.757156
2022-01-11,86.120482
2022-01-12,86.315097
2022-01-13,86.258544
2022-01-14,86.076105
2022-01-18,85.649857
2022-01-19,85.789016
2022-01-20,85.716635
2022-01-21,85.37791
2022-01-24,85.055621
2022-01-25,85.104393
2022-01-26,85.14151
2022-01-27,84.513852
2022-01-28,84.213863
2022-01-31,84.355439
2022-02-01,84.473884
2022-02-02,84.67141
2022-02-03,84.238426
2022-02-04,83.699471
2022-02-07,83.663512
2022-02-08,83.737888
2022-02-09,84.031632
2022-02-10,83.401202
2022-02-11,82.856447
2022-02-14,82.402428
2022-02-15,82.714151
2022-02-16,82.818777
2022-02-17,82.761214
2022-02-18,82.745336
2022-02-22,82.775079
2022-02-23,82.782166
2022-02-24,82.587383
2022-02-25,83.27676
2022-02-28,83.473326
2022-03-01,83.193095
2022-03-02,83.212468
2022-03-03,83.142394
2022-03-04,82.750321
2022-03-07,82.170093
2022-03-08,81.843108
2022-03-09,82.005009
2022-03-10,81.617332
2022-03-11,81.320414
2022-03-14,80.463645
2022-03-15,80.638783
2022-03-16,81.271976
2022-03-17,81.936479
2022-03-18,82.009678
2022-03-21,81.73918
2022-03-22,81.59914
2022-03-23,81.66108
2022-03-24,81.696993
2022-03-25,81.448388
2022-03-28,81.459605
2022-03-29,82.19678
2022-03-30,82.315635
2022-03-31,82.361699
2022-04-01,81.840635
2022-04-04,82.091758
2022-04-05,81.703057
2022-04-06,81.073274
2022-04-07,80.878605
2022-04-08,80.514985
2022-04-11,79.862931
2022-04-12,80.192447
2022-04-13,80.42317
2022-04-14,80.35222
2022-04-18,80.173576
2022-04-19,80.072327
2022-04-20,80.22613
2022-04-21,79.905459
2022-04-22,79.486402
2022-04-25,79.475592
2022-04-26,79.523137
2022-04-27,79.369473
2022-04-28,79.270089
2022-04-29,78.757068
2022-05-02,77.970613
2022-05-03,78.311816
2022-05-04,78.571924
2022-05-05,78.020792
2022-05-06,77.524539
2022-05-09,76.795813
2022-05-10,76.962195
2022-05-11,76.919296
2022-05-12,76.54366
2022-05-13,76.727877
2022-05-16,76.65847
2022-05-17,76.675056
2022-05-18,76.044208
2022-05-19,76.130884
2022-05-20,76.261498
2022-05-23,76.506099
2022-05-24,76.633493
2022-05-25,77.599218
2022-05-26,78.721833
2022-05-27,79.303091
2022-05-31,79.158783
2022-06-01,78.741245
2022-06-02,78.759552
2022-06-03,78.377289
2022-06-06,78.121899
2022-06-07,77.898104
2022-06-08,77.672934
2022-06-09,77.172767
2022-06-10,76.232305
2022-06-13,74.00287
2022-06-14,74.000812
2022-06-15,74.891625
2022-06-16,73.777462
2022-06-17,74.127933
2022-06-21,74.300236
2022-06-22,74.023089
2022-06-23,74.174005
2022-06-24,74.801285
2022-06-27,74.76152
2022-06-28,74.001755
2022-06-29,73.399066
2022-06-30,73.217844
2022-07-01,73.170753
2022-07-05,73.176951
2022-07-06,73.519351
2022-07-07,74.265456
2022-07-08,74.392824
2022-07-11,74.418822
2022-07-12,74.47526
2022-07-13,74.377735
2022-07-14,73.967899
2022-07-15,74.659516
2022-07-18,74.967775
2022-07-19,75.390005
2022-07-20,75.88368
2022-07-21,76.178829
2022-07-22,76.654201
2022-07-25,76.635785
2022-07-26,76.231355
2022-07-27,76.753393
2022-07-28,77.209356
2022-07-29,77.838419
2022-08-01,77.687586
2022-08-02,77.566743
2022-08-03,77.713001
2022-08-04,77.990009
2022-08-05,77.724756
2022-08-08,78.027207
2022-08-09,77.585906
2022-08-10,78.276522
2022-08-11,78.362788
2022-08-12,78.418462
2022-08-15,78.477553
2022-08-16,78.252036
2022-08-17,77.724949
2022-08-18,77.662064
2022-08-19,77.085408
2022-08-22,76.299547
2022-08-23,76.237573
2022-08-24,76.271439
2022-08-25,76.676303
2022-08-26,76.256853
2022-08-29,75.738606
2022-08-30,75.166787
2022-08-31,74.813344
2022-09-01,73.990411
2022-09-02,74.406231
2022-09-06,74.239802
2022-09-07,74.671049
2022-09-08,75.082
2022-09-09,75.684497
2022-09-12,75.870734
2022-09-13,74.728883
2022-09-14,74.657848
2022-09-15,74.238955
2022-09-16,73.709401
2022-09-19,74.023296
2022-09-20,73.771096
2022-09-21,73.932902
2022-09-22,73.155246
2022-09-23,72.375198
2022-09-26,71.752301
2022-09-27,71.413096
2022-09-28,71.79224
2022-09-29,71.272015
2022-09-30,71.617851
2022-10-03,71.82489
2022-10-04,72.960456
2022-10-05,72.766611
2022-10-06,72.920622
2022-10-07,72.456041
2022-10-10,72.443759
2022-10-11,71.670188
2022-10-12,71.652484
2022-10-13,71.53721
2022-10-14,71.684631
2022-10-17,72.174264
2022-10-18,72.517202
2022-10-19,71.958727
2022-10-20,71.867894
2022-10-21,71.920124
2022-10-24,72.123802
2022-10-25,72.635374
2022-10-26,72.97204
2022-10-27,73.48625
2022-10-28,73.882583
2022-10-31,73.458461
2022-11-01,73.192194
2022-11-02,73.051358
2022-11-03,72.322696
2022-11-04,72.478109
2022-11-07,72.572132
2022-11-08,72.486329
2022-11-09,71.947449
2022-11-10,73.455709
2022-11-11,73.538931
2022-11-14,73.81424
2022-11-15,74.128923
2022-11-16,74.134587
2022-11-17,73.703527
2022-11-18,73.872976
2022-11-21,73.938599
2022-11-22,74.281754
2022-11-23,74.711239
2022-11-25,74.844998
2022-11-28,74.393139
2022-11-29,74.25708
2022-11-30,74.775917
2022-12-01,75.127075
2022-12-02,75.103415
2022-12-05,74.819722
2022-12-06,74.563822
2022-12-07,74.657348
2022-12-08,74.857833
2022-12-09,74.941113
2022-12-12,75.060425
2022-12-13,75.651681
2022-12-14,75.650897
2022-12-15,74.785364
2022-12-16,74.387013
2022-12-19,74.144949
2022-12-20,73.923829
2022-12-21,74.355221
2022-12-22,74.119865
2022-12-23,74.086602
2022-12-27,73.953753
2022-12-28,73.284857
2022-12-29,73.090449
2022-12-30,73.210785
2023-01-03,73.683877
2023-01-04,74.241743
2023-01-05,74.193257
2023-01-06,75.159838
2023-01-09,75.608875
2023-01-10,75.521058
2023-01-11,75.877174
2023-01-12,76.242273
2023-01-13,76.234712
2023-01-17,76.253422
2023-01-18,76.536369
2023-01-19,75.973995
2023-01-20,75.852945
2023-01-23,76.058062
2023-01-24,76.020668
2023-01-25,76.004961
2023-01-26,76.22124
2023-01-27,76.172016
2023-01-30,75.944502
2023-01-31,76.084066
2023-02-01,76.12381
2023-02-02,77.089745
2023-02-03,76.56065
2023-02-06,75.923736
2023-02-07,75.930181
2023-02-08,75.76881
2023-02-09,75.530067
2023-02-10,74.882992
2023-02-13,75.009034
2023-02-14,74.834441
2023-02-15,74.690061
2023-02-16,74.369865
2023-02-17,74.180331
2023-02-21,73.450249
2023-02-22,73.869317
2023-02-23,74.4373
2023-02-24,74.127752
2023-02-27,74.555048
2023-02-28,74.505419
2023-03-01,73.882212
2023-03-02,73.781063
2023-03-03,74.321574
2023-03-06,74.643796
2023-03-07,74.360023
2023-03-08,73.885477
2023-03-09,73.72344
2023-03-10,73.441725
2023-03-13,73.192558
2023-03-14,73.518443
2023-03-15,72.933378
2023-03-16,73.421703
2023-03-17,73.268363
2023-03-20,73.15058
2023-03-21,73.648214
2023-03-22,73.910557
2023-03-23,73.804298
2023-03-24,73.486676
2023-03-27,73.532105
2023-03-28,73.406052
2023-03-29,73.860292
2023-03-30,74.251098
2023-03-31,74.945558
2023-04-03,74.795826
2023-04-04,74.646903
2023-04-05,74.45014
2023-04-06,74.462249
2023-04-10,74.473696
2023-04-11,74.734217
2023-04-12,74.921893
2023-04-13,75.198635
2023-04-14,75.077175
2023-04-17,74.884067
2023-04-18,75.014682
2023-04-19,74.800194
2023-04-20,74.647812
2023-04-21,74.779592
2023-04-24,74.923869
2023-04-25,74.898836
2023-04-26,74.753828
2023-04-27,74.946929
2023-04-28,75.17305
2023-05-01,74.687251
2023-05-02,74.452472
2023-05-03,74.632485
2023-05-04,74.133094
2023-05-05,74.50261
2023-05-08,74.432973
2023-05-09,74.265803
2023-05-10,74.537988
2023-05-11,74.47261
2023-05-12,74.355154
2023-05-15,74.373171
2023-05-16,74.094453
2023-05-17,74.118476
2023-05-18,73.964455
2023-05-19,74.036222
2023-05-22,74.204854
2023-05-23,74.064954
2023-05-24,73.61072
2023-05-25,73.628201
2023-05-26,73.696444
2023-05-30,74.016641
2023-05-31,73.913782
2023-06-01,73.901335
2023-06-02,74.357942
2023-06-05,74.32426
2023-06-06,74.357029
2023-06-07,74.293885
2023-06-08,74.443377
2023-06-09,74.536578
2023-06-12,74.481839
2023-06-13,74.687522
2023-06-14,74.600679
2023-06-15,74.815243
2023-06-16,74.860742
2023-06-20,74.704723
2023-06-21,74.45202
2023-06-22,74.281368
2023-06-23,74.084133
2023-06-26,74.137317
2023-06-27,74.390003
2023-06-28,74.604801
2023-06-29,74.501363
2023-06-30,74.806372
2023-07-03,74.481538
2023-07-05,74.289404
2023-07-06,73.696838
2023-07-07,73.875194
2023-07-10,74.061796
2023-07-11,74.308225
2023-07-12,75.030851
2023-07-13,75.387971
2023-07-14,75.190742
2023-07-17,75.057768
2023-07-18,75.231317
2023-07-19,75.332181
2023-07-20,75.017087
2023-07-21,75.151811
2023-07-24,75.237746
2023-07-25,75.15472
2023-07-26,75.183265
2023-07-27,75.103386
2023-07-28,75.241021
2023-07-31,75.387578
2023-08-01,74.701173
2023-08-02,74.339423
2023-08-03,74.21214
2023-08-04,74.580635
2023-08-07,74.69582
2023-08-08,74.685169
2023-08-09,74.863029
2023-08-10,74.949906
2023-08-11,74.796094
2023-08-14,74.704808
2023-08-15,74.567875
2023-08-16,74.501566
2023-08-17,74.072566
2023-08-18,73.992064
2023-08-21,73.972843
2023-08-22,74.074212
2023-08-23,74.544127
2023-08-24,74.314908
2023-08-25,74.357792
2023-08-28,74.591964
2023-08-29,74.939605
2023-08-30,75.129288
2023-08-31,75.157304
2023-09-01,74.810863
2023-09-05,74.531713
2023-09-06,74.316878
2023-09-07,74.448934
2023-09-08,74.524185
2023-09-11,74.632404
2023-09-12,74.597134
2023-09-13,74.65961
2023-09-14,74.785447
2023-09-15,74.642067
2023-09-18,74.575966
2023-09-19,74.422468
2023-09-20,74.503007
2023-09-21,74.008088
2023-09-22,74.110746
2023-09-25,73.909801
2023-09-26,73.676401
2023-09-27,73.563756
2023-09-28,73.608971
2023-09-29,73.830403
2023-10-02,72.929531
2023-10-03,72.30113
2023-10-04,72.322222
2023-10-05,72.432207
2023-10-06,72.448515
2023-10-09,72.470148
2023-10-10,73.127485
2023-10-11,73.100451
2023-10-12,72.771075
2023-10-13,72.884947
2023-10-16,72.737737
2023-10-17,72.463892
2023-10-18,72.18697
2023-10-19,72.021483
2023-10-20,71.909663
2023-10-23,72.15792
2023-10-24,72.463002
2023-10-25,72.228753
2023-10-26,72.199025
2023-10-27,72.263988
2023-10-30,72.251917
2023-10-31,72.440944
2023-11-01,72.374143
2023-11-02,73.303184
2023-11-03,73.99559
2023-11-06,73.883287
2023-11-07,73.792229
2023-11-08,73.819606
2023-11-09,73.573384
2023-11-10,73.65923
2023-11-13,73.675392
2023-11-14,74.513101
2023-11-15,74.291421
2023-11-16,74.260647
2023-11-17,74.338435
2023-11-20,74.572143
2023-11-21,74.560258
2023-11-22,74.699466
2023-11-24,74.697898
2023-11-27,74.862262
2023-11-28,75.07154
2023-11-29,75.600393
2023-11-30,75.451946
2023-12-01,75.451435
2023-12-04,75.46647
2023-12-05,75.632406
2023-12-06,75.749928
2023-12-07,75.767384
2023-12-08,75.594733
2023-12-11,75.531306
2023-12-12,75.636066
2023-12-13,76.311805
2023-12-14,76.930961
2023-12-15,76.768206
2023-12-18,76.719162
2023-12-19,76.976992
2023-12-20,77.16873
2023-12-21,77.239748
2023-12-22,77.324028
2023-12-26,77.40461
2023-12-27,77.645427
2023-12-28,77.586218
2023-12-29,77.546822
2024-01-02,77.120318
2024-01-03,76.679684
2024-01-04,76.611151
2024-01-05,76.63846
2024-01-08,76.871015
2024-01-09,76.996327
2024-01-10,77.175144
2024-01-11,77.195193
2024-01-12,77.386338
2024-01-16,77.054637
2024-01-17,76.695934
2024-01-18,76.841673
2024-01-19,76.884887
2024-01-22,77.16319
2024-01-23,76.999756
2024-01-24,77.134431
2024-01-25,77.340995
2024-01-26,77.401444
2024-01-29,77.536567
2024-01-30,77.470025
2024-01-31,77.391863
2024-02-01,77.260375
2024-02-02,77.031337
2024-02-05,76.696575
2024-02-06,76.973511
2024-02-07,77.067638
2024-02-08,77.0615
2024-02-09,77.13992
2024-02-12,77.175323
2024-02-13,76.626258
2024-02-14,76.802414
2024-02-15,76.969808
2024-02-16,76.797407
2024-02-20,76.904258
2024-02-21,76.838962
2024-02-22,77.125488
2024-02-23,77.184871
2024-02-26,77.160635
2024-02-27,77.13468
2024-02-28,77.085155
2024-02-29,77.184751
2024-03-01,76.90691
2024-03-04,76.9759
2024-03-05,76.997061
2024-03-06,77.142387
2024-03-07,77.281675
2024-03-08,77.378168
2024-03-11,77.310598
2024-03-12,77.340148
2024-03-13,77.3979
2024-03-14,77.125479
2024-03-15,77.053206
2024-03-18,77.177098
2024-03-19,77.381642
2024-03-20,77.40966
2024-03-21,77.503083
2024-03-22,77.526411
2024-03-25,77.50388
2024-03-26,77.449178
2024-03-27,77.538847
2024-03-28,77.596082
2024-03-29,77.596082
2024-03-31,77.596082
2024-04-01,76.984455
2024-04-02,76.724615
2024-04-03,76.808916
2024-04-04,76.922752
2024-04-05,76.822723
2024-04-08,76.851013
2024-04-09,77.007764
2024-04-10,76.466687
2024-04-11,76.372614
2024-04-12,76.248411
2024-04-15,75.963001
2024-04-16,75.673801
2024-04-17,75.787248
2024-04-18,75.727623
2024-04-19,75.872714
2024-04-22,76.150827
2024-04-23,76.484587
2024-04-24,76.377428
2024-04-25,76.104953
2024-04-26,76.420629
2024-04-29,76.654186
2024-04-30,76.410496
2024-05-01,76.19464
2024-05-02,76.442977
2024-05-03,76.853791
2024-05-06,76.987669
2024-05-07,76.962256
2024-05-08,76.776436
2024-05-09,76.836109
2024-05-10,76.726999
2024-05-13,76.778695
2024-05-14,76.806744
2024-05-15,77.145932
2024-05-16,77.117172
2024-05-17,77.065181
2024-05-20,77.123193
2024-05-21,77.19127
2024-05-22,77.028739
2024-05-23,76.848952
2024-05-24,76.841594
2024-05-28,76.806115
2024-05-29,76.524407
2024-05-30,76.630446
2024-05-31,76.864088
2024-06-03,76.77514
2024-06-04,76.842746
2024-06-05,77.038429
2024-06-06,77.040142
2024-06-07,76.778731
2024-06-10,76.771599
2024-06-11,76.870045
2024-06-12,77.329668
2024-06-13,77.283805
2024-06-14,76.963991
2024-06-17,76.987837
2024-06-18,77.221698
2024-06-20,77.115352
2024-06-21,77.1589
2024-06-24,77.305469
2024-06-25,77.277191
2024-06-26,77.143913
2024-06-27,77.201944
2024-06-28,77.230673
2024-07-01,76.705115
2024-07-02,76.756604
2024-07-03,76.902253
2024-07-05,77.099275
2024-07-08,77.19509
2024-07-09,77.209222
2024-07-10,77.323802
2024-07-11,77.613726
2024-07-12,77.75628
2024-07-15,77.830858
2024-07-16,78.098836
2024-07-17,78.050699
2024-07-18,78.008702
2024-07-19,77.896238
2024-07-22,78.077551
2024-07-23,78.168412
2024-07-24,78.018263
2024-07-25,78.09135
2024-07-26,78.218335
2024-07-29,78.18998
2024-07-30,78.180237
2024-07-31,78.418222
2024-08-01,77.952181
2024-08-02,77.652541
2024-08-05,77.112306
2024-08-06,77.682104
2024-08-07,77.805059
2024-08-08,77.908892
2024-08-09,77.905871
2024-08-12,77.980455
2024-08-13,78.129984
2024-08-14,78.271807
2024-08-15,78.394918
2024-08-16,78.520121
2024-08-19,78.715022
2024-08-20,78.7848
2024-08-21,78.871136
2024-08-22,78.828737
2024-08-23,79.142932
2024-08-26,79.178696
2024-08-27,79.170773
2024-08-28,79.12896
2024-08-29,79.205609
2024-08-30,79.212473
2024-09-03,78.663983
2024-09-04,78.8651
2024-09-05,79.078776
2024-09-06,79.024474
2024-09-09,79.166723
2024-09-10,79.104804
2024-09-11,79.102907
2024-09-12,79.2551
2024-09-13,79.414391
2024-09-16,79.645651
2024-09-17,79.7447
2024-09-18,79.836161
2024-09-19,80.130712
2024-09-20,80.00907
2024-09-23,79.980862
2024-09-24,79.982929
2024-09-25,79.939284
2024-09-26,79.936689
2024-09-27,80.131923
2024-09-30,80.104696
2024-10-01,79.766374
2024-10-02,79.715206
2024-10-03,79.668927
2024-10-04,79.596983
2024-10-07,79.33334
2024-10-08,79.347873
2024-10-09,79.353446
2024-10-10,79.290688
2024-10-11,79.383512
2024-10-14,79.427048
2024-10-15,79.522822
2024-10-16,79.659281
2024-10-17,79.565849
2024-10-18,79.62792
2024-10-21,79.464247
2024-10-22,79.350538
2024-10-23,79.130152
2024-10-24,79.298489
2024-10-25,79.290863
2024-10-28,79.378438
2024-10-29,79.357847
2024-10-30,79.379445
2024-10-31,79.224279
2024-11-01,78.901929
2024-11-04,78.967239
2024-11-05,78.950186
2024-11-06,79.040038
2024-11-07,79.339346
2024-11-08,79.544279
2024-11-11,79.595637
2024-11-12,79.330457
2024-11-13,79.354831
2024-11-14,79.358951
2024-11-15,79.101633
2024-11-18,79.22087
2024-11-19,79.345516
2024-11-20,79.321622
2024-11-21,79.422654
2024-11-22,79.410408
2024-11-25,79.631137
2024-11-26,79.55832
2024-11-27,79.625575
2024-11-29,79.766504
2024-12-02,79.482317
2024-12-03,79.534368
2024-12-04,79.635835
2024-12-05,79.643779
2024-12-06,79.763119
2024-12-09,79.7631
2024-12-10,79.721652
2024-12-11,79.76134
2024-12-12,79.643502
2024-12-13,79.456251
2024-12-16,79.49153
2024-12-17,79.335511
2024-12-18,78.679754
2024-12-19,78.287465
2024-12-20,78.495613
2024-12-23,78.436126
2024-12-24,78.45247
2024-12-26,78.500313
2024-12-27,78.493637
2024-12-30,78.512883
2024-12-31,78.609029
2025-01-02,78.726996
2025-01-03,78.892299
2025-01-06,79.062497
2025-01-07,78.938157
2025-01-08,78.808471
2025-01-10,78.589513
2025-01-13,78.474271
2025-01-14,78.658892
2025-01-15,79.150582
2025-01-16,79.175636
2025-01-17,79.332759
2025-01-21,79.53934
2025-01-22,79.557646
2025-01-23,79.482152
2025-01-24,79.584921
2025-01-27,79.53897
2025-01-28,79.658029
2025-01-29,79.651271
2025-01-30,79.746516
2025-01-31,79.719151
2025-02-03,79.235067
2025-02-04,79.327526
2025-02-05,79.509781
2025-02-06,79.522872
2025-02-07,79.344817
2025-02-10,79.476719
2025-02-11,79.378514
2025-02-12,79.243119
2025-02-13,79.460827
2025-02-14,79.61366
2025-02-18,79.618606
2025-02-19,79.555653
2025-02-20,79.619969
2025-02-21,79.570731
2025-02-24,79.655859
2025-02-25,79.748735
2025-02-26,79.952232
2025-02-27,79.929078
2025-02-28,79.919417
2025-03-03,79.525559
2025-03-04,79.430279
2025-03-05,79.508267
2025-03-06,79.297329
2025-03-07,79.307432
2025-03-10,79.134037
2025-03-11,78.980269
2025-03-12,78.963484
2025-03-13,78.540499
2025-03-14,78.827235
2025-03-17,78.966238
2025-03-18,78.908176
2025-03-19,79.138328
2025-03-20,79.227735
2025-03-21,79.113433
2025-03-24,79.378511
2025-03-25,79.357686
2025-03-26,79.074517
2025-03-27,78.943339
2025-03-28,78.68636
2025-03-31,78.712886
2025-04-01,78.49125
2025-04-02,78.607706
2025-04-03,77.879689
2025-04-04,76.998323
2025-04-07,76.304791
2025-04-08,76.253344
2025-04-09,76.638273
2025-04-10,76.37083
2025-04-11,76.502516
2025-04-14,77.099511
2025-04-15,77.256208
2025-04-16,77.250034
2025-04-17,77.583379
2025-04-21,77.260436
2025-04-22,77.615506
2025-04-23,78.172119
2025-04-24,78.296818
2025-04-25,78.498265
2025-04-28,78.551744
2025-04-29,78.620738
2025-04-30,78.389776
2025-05-01,78.231608
2025-05-02,78.371826
2025-05-05,78.361686
2025-05-06,78.346465
2025-05-07,78.358288
2025-05-08,78.534546
2025-05-09,78.526576
2025-05-12,79.085418
2025-05-13,79.277058
2025-05-14,79.099138
2025-05-15,78.98904
2025-05-16,79.099647
2025-05-19,79.085651
2025-05-20,79.146895
2025-05-21,78.857926
2025-05-22,78.845302
2025-05-23,78.729486
2025-05-27,79.186661
2025-05-28,79.180915
2025-05-29,79.339624
2025-05-30,79.323523
2025-06-02,78.956537
2025-06-03,79.122101
2025-06-04,79.262383
2025-06-05,79.247718
2025-06-06,79.224271
2025-06-09,79.223447
2025-06-10,79.300986
2025-06-11,79.452759
2025-06-12,79.441259
2025-06-13,79.294645
2025-06-16,79.449697
2025-06-17,79.365859
2025-06-18,79.448212
2025-06-20,79.54142
2025-06-23,79.708436
2025-06-24,79.959342
2025-06-25,80.040884
2025-06-26,80.192143
2025-06-27,80.238891
2025-06-30,80.416881
2025-07-01,80.085105
2025-07-02,80.132694
2025-07-03,80.161679
2025-07-07,80.063333
2025-07-08,79.988332
2025-07-09,80.076896
2025-07-10,80.091223
2025-07-11,79.94179
2025-07-14,79.99127
2025-07-15,79.89105
2025-07-16,79.916921
2025-07-17,80.041944
2025-07-18,80.11648
2025-07-21,80.282705
2025-07-22,80.365425
2025-07-23,80.397479
2025-07-24,80.37057
2025-07-25,80.376787
2025-07-28,80.416934
2025-07-29,80.445435
2025-07-30,80.28452
2025-07-31,80.314815
2025-08-01,79.762993
2025-08-04,80.025654
2025-08-05,80.052565
2025-08-06,80.098028
2025-08-07,80.08642
2025-08-08,80.072396
2025-08-11,80.099855
2025-08-12,80.208336
2025-08-13,80.414251
2025-08-14,80.313619
2025-08-15,80.32555
2025-08-18,80.348893
2025-08-19,80.360577
2025-08-20,80.322434
2025-08-21,80.238661
2025-08-22,80.577525
2025-08-25,80.663858
2025-08-26,80.758161
2025-08-27,80.828778
2025-08-28,80.908203
2025-08-29,80.878516
2025-09-02,80.271678
2025-09-03,80.42106
2025-09-04,80.594285
2025-09-05,80.775561
2025-09-08,80.804192
2025-09-09,80.724578
2025-09-10,80.827883
2025-09-11,80.961652
2025-09-12,80.930675
2025-09-15,81.048564
2025-09-16,81.071043
2025-09-17,81.045122
2025-09-18,81.139364
2025-09-19,81.150087
2025-09-22,81.167447
2025-09-23,81.177854
2025-09-24,81.109392
2025-09-25,80.885063
2025-09-26,80.924707
2025-09-29,81.030017
2025-09-30,81.008775
2025-10-01,80.719891
2025-10-02,80.741848
2025-10-03,80.751413
2025-10-06,80.779968
2025-10-07,80.720896
2025-10-08,80.679994
2025-10-09,80.397066
2025-10-10,80.019967
2025-10-13,80.132757
2025-10-14,80.342486
2025-10-15,80.656187
2025-10-16,80.580805
2025-10-17,80.472192
2025-10-20,80.663296
2025-10-21,80.717897
2025-10-22,80.65832
2025-10-23,80.698758
2025-10-24,80.863563
2025-10-27,81.052101
2025-10-28,81.062834
2025-10-29,80.970089
2025-10-30,80.804008
2025-10-31,80.763304
2025-11-03,80.190062
2025-11-04,80.092074
2025-11-05,80.166062
2025-11-06,80.139403
2025-11-07,80.091507
2025-11-10,80.33467
2025-11-11,80.336992
2025-11-12,80.435122
2025-11-13,80.218667
2025-11-14,80.163141
2025-11-17,80.095948
2025-11-18,80.034881
2025-11-19,80.084321
2025-11-20,80.125709
2025-11-21,80.158176
2025-11-24,80.331143
2025-11-25,80.492407
2025-11-26,80.62317
2025-11-28,80.777272
2025-12-01,80.303261
2025-12-02,80.409819
2025-12-03,80.531226
2025-12-04,80.510825
2025-12-05,80.547691
2025-12-08,80.426194
2025-12-09,80.400212
2025-12-10,80.399193
2025-12-11,80.527593
2025-12-12,80.412406
2025-12-15,80.484274
2025-12-16,80.425937
2025-12-17,80.420151
2025-12-18,80.568109
2025-12-19,80.244642
2025-12-22,80.314096
2025-12-23,80.339349
2025-12-24,80.374526
2025-12-26,80.412589
2025-12-29,80.471809
2025-12-30,80.538723
2025-12-31,80.553456
2026-01-02,80.573035
2026-01-05,80.710187
2026-01-06,80.766866
2026-01-07,80.795094
2026-01-08,80.78894
2026-01-09,80.884609
2026-01-12,80.887833
2026-01-13,80.9455
2026-01-14,80.900757
2026-01-15,80.967197
2026-01-16,80.973863
2026-01-20,80.806362
2026-01-21,80.995
2026-01-22,81.105713
2026-01-23,81.085409
2026-01-26,81.112085
2026-01-27,81.096283
2026-01-28,81.01499
2026-01-29,80.91823
2026-01-30,80.926838
2026-02-02,80.611672
2026-02-03,80.534459
2026-02-04,80.534062
2026-02-05,80.473676
2026-02-06,80.637587
2026-02-09,80.738655
2026-02-10,80.803301
2026-02-11,80.757942
2026-02-12,80.679592
2026-02-13,80.690811
2026-02-17,80.694682
2026-02-18,80.859058
2026-02-19,80.834885
2026-02-20,80.849819
2026-02-23,80.798337
2026-02-24,80.744604
2026-02-25,80.787758
2026-02-26,80.753274
2026-02-27,80.5819
2026-03-02,80.185669
2026-03-03,80.092066
2026-03-04,80.370691
2026-03-05,80.197023
2026-03-06,79.905995
2026-03-09,79.95971
2026-03-10,80.141846
2026-03-11,79.938583
2026-03-12,79.542043
2026-03-13,79.30766
2026-03-16,79.509184
2026-03-17,79.730928
2026-03-18,79.529801
2026-03-19,79.285653
2026-03-20,79.045353
2026-03-23,79.342689
2026-03-24,79.193258
2026-03-25,79.453157
2026-03-26,79.01476
2026-03-27,78.627611
2026-03-30,78.843007
2026-03-31,79.354698
2026-04-01,79.258499
2026-04-02,79.247493
2026-04-06,79.477894
2026-04-07,79.433872
2026-04-08,79.947799
2026-04-09,80.089721
2026-04-10,79.961531
2026-04-13,80.050802
2026-04-14,80.342029
2026-04-15,80.297368
2026-04-16,80.249395
2026-04-17,80.516662
2026-04-20,80.48752
2026-04-21,80.330782
2026-04-22,80.390214
2026-04-23,80.265805
2026-04-24,80.343401
2026-04-27,80.336581
2026-04-28,80.259426
2026-04-29,80.071451
2026-04-30,80.227322
2026-05-01,79.964899
2026-05-04,79.757697
2026-05-05,79.866296
2026-05-06,80.055242
2026-05-07,79.92294
2026-05-08,79.986727
2026-05-11,79.914931
2026-05-12,79.70836
2026-05-13,79.786512
2026-05-14,79.866718
2026-05-15,79.514076
2026-05-18,79.519014
2026-05-19,79.327053
2026-05-20,79.66363
2026-05-21,79.716988
2026-05-22,79.784231
2026-05-26,80.017639
2026-05-27,80.03619
2026-05-28,80.088208
2026-05-29,80.170848
2026-06-01,79.701163
2026-06-02,79.757143
2026-06-03,79.591096
2026-06-04,79.700575
2026-06-05,79.406236
2026-06-08,79.471493
2026-06-09,79.506691
2026-06-10,79.445072
2026-06-11,79.674127
2026-06-12,79.796391
2026-06-15,80.012734
2026-06-16,79.960383
2026-06-17,79.82087
2026-06-18,79.85091
2026-06-22,79.811003
2026-06-23,79.746945
2026-06-24,79.803319
2026-06-25,79.786868
2026-06-26,79.752197
2026-06-29,79.860965
2026-06-30,79.900804
2026-07-01,79.515796
2026-07-02,79.615425
2026-07-06,79.713401
2026-07-07,79.693746
2026-07-08,79.523894
2026-07-09,79.66268
2026-07-10,79.613471
2026-07-13,79.501876
2026-07-14,79.55266
2026-07-15,79.691525
2026-07-16,79.68794
2026-07-17,79.630146
2026-07-20,79.643666
2026-07-21,79.594514
2026-07-22,79.46949
2026-07-23,79.130566
2026-07-24,79.185212
2026-07-27,79.214701
2026-07-28,79.260331
2026-07-29,79.123845
2026-07-30,79.31439
2026-07-31,79.264143
2026-08-03,79.153108
2026-08-04,79.401353
2026-08-05,79.36727
2026-08-06,79.331795
2026-08-07,79.492075
2026-08-10,79.393567
2026-08-11,79.405632
2026-08-12,79.501278
2026-08-13,79.644313
2026-08-14,79.626305
2026-08-17,79.568103
2026-08-18,79.425983
2026-08-19,79.604374
2026-08-20,79.442665
2026-08-21,79.497793
2026-08-24,79.56398
2026-08-25,79.707562
2026-08-26,79.721359
2026-08-27,79.793139
2026-08-28,79.713542
2026-08-31,79.656464
2026-09-01,79.070336
2026-09-02,79.118113
2026-09-03,79.20258
2026-09-04,79.141365
2026-09-08,79.124819
2026-09-09,78.947379
2026-09-10,78.618105
2026-09-11,78.710972
2026-09-14,78.509638
2026-09-15,78.384314
2026-09-16,78.454223
2026-09-17,78.630548
2026-09-18,78.425347
