Date,NAV
2002-07-22,103.03021
2002-07-23,102.438507
2002-07-24,101.663256
2002-07-25,101.717301
2002-07-26,101.114446
2002-07-29,100.424944
2002-07-30,100.601827
2002-07-31,101.582622
2002-08-01,102.241581
2002-08-02,102.605038
2002-08-05,101.98996
2002-08-06,101.617207
2002-08-07,102.285681
2002-08-08,101.910933
2002-08-09,102.544271
2002-08-12,102.568061
2002-08-13,103.109792
2002-08-14,103.374146
2002-08-15,103.34187
2002-08-16,102.573278
2002-08-19,103.261469
2002-08-20,104.384375
2002-08-21,104.440625
2002-08-22,104.180908
2002-08-23,104.623051
2002-08-26,104.683979
2002-08-27,104.329882
2002-08-28,104.720032
2002-08-29,104.724197
2002-08-30,104.860073
2002-09-03,105.041064
2002-09-04,105.081992
2002-09-05,105.361753
2002-09-06,104.543842
2002-09-09,104.514624
2002-09-10,105.117309
2002-09-11,104.693818
2002-09-12,105.578868
2002-09-13,106.014857
2002-09-16,106.312443
2002-09-17,106.620991
2002-09-18,106.2517
2002-09-19,106.526118
2002-09-20,106.285165
2002-09-23,106.625156
2002-09-24,106.30288
2002-09-25,105.736451
2002-09-26,105.847803
2002-09-27,106.432412
2002-09-30,106.429544
2002-10-01,105.759984
2002-10-02,105.791776
2002-10-03,105.537927
2002-10-04,105.074013
2002-10-07,104.966067
2002-10-08,104.018658
2002-10-09,103.679942
2002-10-10,103.504557
2002-10-11,103.515955
2002-10-14,103.57
2002-10-15,103.106716
2002-10-16,102.567735
2002-10-17,102.106866
2002-10-18,102.105785
2002-10-21,101.768308
2002-10-22,101.882091
2002-10-23,101.957473
2002-10-24,102.586546
2002-10-25,103.110689
2002-10-28,103.546354
2002-10-29,104.244249
2002-10-30,104.50663
2002-10-31,105.142948
2002-11-01,104.234938
2002-11-04,104.322937
2002-11-05,104.344986
2002-11-06,105.051602
2002-11-07,106.072743
2002-11-08,106.299923
2002-11-11,106.35
2002-11-12,105.969543
2002-11-13,106.043686
2002-11-14,105.595538
2002-11-15,106.084454
2002-11-18,106.660716
2002-11-19,106.751841
2002-11-20,106.320953
2002-11-21,106.096634
2002-11-22,105.861826
2002-11-25,105.768189
2002-11-26,106.384701
2002-11-27,105.290864
2002-11-29,105.625497
2002-12-02,105.597062
2002-12-03,105.425525
2002-12-04,105.550491
2002-12-05,105.925368
2002-12-06,105.958617
2002-12-09,106.222809
2002-12-10,106.28376
2002-12-11,106.765116
2002-12-12,106.677426
2002-12-13,106.324541
2002-12-16,106.052405
2002-12-17,106.406497
2002-12-18,106.919635
2002-12-19,107.516128
2002-12-20,107.550907
2002-12-23,107.466899
2002-12-24,107.753332
2002-12-26,107.851273
2002-12-27,108.528494
2002-12-30,108.740573
2002-12-31,107.991672
2003-01-02,107.068429
2003-01-03,107.24013
2003-01-06,107.243653
2003-01-07,107.662487
2003-01-08,108.014542
2003-01-09,106.879193
2003-01-10,107.081625
2003-01-13,107.56164
2003-01-14,107.767283
2003-01-15,107.647069
2003-01-16,107.633282
2003-01-17,107.672789
2003-01-21,107.828367
2003-01-22,108.063485
2003-01-23,108.058071
2003-01-24,108.483452
2003-01-27,107.896553
2003-01-28,108.051806
2003-01-29,107.680506
2003-01-30,108.06754
2003-01-31,108.169633
2003-02-03,107.835291
2003-02-04,108.245279
2003-02-05,107.797567
2003-02-06,108.233963
2003-02-07,108.421009
2003-02-10,108.063706
2003-02-11,108.20503
2003-02-12,108.368823
2003-02-13,108.489936
2003-02-14,107.947797
2003-02-18,108.17217
2003-02-19,108.824861
2003-02-20,109.173737
2003-02-21,108.91
2003-02-24,109.219507
2003-02-25,109.301671
2003-02-26,109.742388
2003-02-27,109.978487
2003-02-28,110.457278
2003-03-03,110.275437
2003-03-04,110.365526
2003-03-05,110.310339
2003-03-06,110.236135
2003-03-07,110.24834
2003-03-10,110.491908
2003-03-11,110.308182
2003-03-12,110.158266
2003-03-13,109.307237
2003-03-14,109.627524
2003-03-17,108.93332
2003-03-18,108.415723
2003-03-19,108.083989
2003-03-20,107.936467
2003-03-21,107.527624
2003-03-24,108.384826
2003-03-25,108.524228
2003-03-26,108.976422
2003-03-27,109.125648
2003-03-28,109.468142
2003-03-31,109.908931
2003-04-01,109.709495
2003-04-02,109.400738
2003-04-03,109.631115
2003-04-04,109.441163
2003-04-07,109.116048
2003-04-08,109.466569
2003-04-09,109.660407
2003-04-10,109.438347
2003-04-11,109.170568
2003-04-14,109.012471
2003-04-15,109.61289
2003-04-16,110.026819
2003-04-17,110.031784
2003-04-21,110.013668
2003-04-22,110.263451
2003-04-23,110.595367
2003-04-24,111.387835
2003-04-25,111.527157
2003-04-28,111.309931
2003-04-29,111.256795
2003-04-30,111.87296
2003-05-01,111.543804
2003-05-02,111.164297
2003-05-05,111.250137
2003-05-06,112.373234
2003-05-07,113.119664
2003-05-08,113.12
2003-05-09,112.927393
2003-05-12,113.271461
2003-05-13,113.189739
2003-05-14,113.708115
2003-05-15,113.458452
2003-05-16,114.117926
2003-05-19,114.009332
2003-05-20,114.497758
2003-05-21,114.129289
2003-05-22,114.792393
2003-05-23,115.049147
2003-05-27,114.644612
2003-05-28,114.558485
2003-05-29,115.225648
2003-05-30,115.093845
2003-06-02,114.250842
2003-06-03,114.913384
2003-06-04,115.104308
2003-06-05,114.925095
2003-06-06,115.042321
2003-06-09,115.662089
2003-06-10,116.317064
2003-06-11,116.297316
2003-06-12,116.619026
2003-06-13,117.191833
2003-06-16,116.674769
2003-06-17,116.123653
2003-06-18,115.560393
2003-06-19,115.617434
2003-06-20,115.117615
2003-06-23,115.614682
2003-06-24,115.976767
2003-06-25,115.228918
2003-06-26,114.128856
2003-06-27,113.853356
2003-06-30,114.202196
2003-07-01,113.417161
2003-07-02,113.616374
2003-07-03,112.956251
2003-07-07,112.682171
2003-07-08,112.588346
2003-07-09,112.838259
2003-07-10,113.032575
2003-07-11,113.327891
2003-07-14,112.882673
2003-07-15,111.553565
2003-07-16,111.4983
2003-07-17,111.491094
2003-07-18,111.415707
2003-07-21,110.117073
2003-07-22,110.372732
2003-07-23,110.716663
2003-07-24,110.383712
2003-07-25,110.207852
2003-07-28,109.490028
2003-07-29,108.57431
2003-07-30,108.756868
2003-07-31,107.482185
2003-08-01,107.041724
2003-08-04,107.557047
2003-08-05,106.797205
2003-08-06,107.514215
2003-08-07,107.890144
2003-08-08,108.127133
2003-08-11,107.64462
2003-08-12,107.776241
2003-08-13,106.40111
2003-08-14,106.214936
2003-08-15,106.554185
2003-08-18,106.946228
2003-08-19,107.824478
2003-08-20,107.619709
2003-08-21,107.275453
2003-08-22,107.673569
2003-08-25,107.171387
2003-08-26,107.450659
2003-08-27,107.306266
2003-08-28,108.057258
2003-08-29,108.008675
2003-09-02,106.831546
2003-09-03,106.874342
2003-09-04,107.348471
2003-09-05,108.399504
2003-09-08,108.196303
2003-09-09,108.341858
2003-09-10,109.105302
2003-09-11,108.687451
2003-09-12,109.300844
2003-09-15,109.422578
2003-09-16,109.268885
2003-09-17,110.037019
2003-09-18,110.109477
2003-09-19,110.302729
2003-09-22,109.720186
2003-09-23,109.890825
2003-09-24,110.46516
2003-09-25,110.680512
2003-09-26,111.153311
2003-09-29,110.943665
2003-09-30,111.851975
2003-10-01,111.399894
2003-10-02,110.909188
2003-10-03,109.608375
2003-10-06,110.11538
2003-10-07,109.535759
2003-10-08,109.569513
2003-10-09,109.435288
2003-10-10,109.826339
2003-10-13,109.875153
2003-10-14,109.254941
2003-10-15,109.102507
2003-10-16,108.924949
2003-10-17,109.429306
2003-10-20,109.632254
2003-10-21,109.506085
2003-10-22,109.840105
2003-10-23,109.497407
2003-10-24,110.340093
2003-10-27,110.093871
2003-10-28,110.640034
2003-10-29,110.051474
2003-10-30,109.69537
2003-10-31,109.950833
2003-11-03,109.11518
2003-11-04,109.4476
2003-11-05,108.932865
2003-11-06,108.440311
2003-11-07,108.29066
2003-11-10,108.230834
2003-11-11,108.246899
2003-11-12,108.871102
2003-11-13,109.993511
2003-11-14,110.385942
2003-11-17,110.687481
2003-11-18,110.901007
2003-11-19,110.275282
2003-11-20,110.70857
2003-11-21,110.727447
2003-11-24,110.231416
2003-11-25,110.6042
2003-11-26,110.260455
2003-11-28,109.742492
2003-12-01,109.047709
2003-12-02,109.294119
2003-12-03,109.223637
2003-12-04,109.525745
2003-12-05,110.502836
2003-12-08,109.998782
2003-12-09,109.580456
2003-12-10,109.824553
2003-12-11,110.249616
2003-12-12,110.282865
2003-12-15,110.200445
2003-12-16,110.45152
2003-12-17,110.796775
2003-12-18,111.180889
2003-12-19,111.338526
2003-12-22,111.168009
2003-12-23,110.503118
2003-12-24,111.035669
2003-12-26,111.393465
2003-12-29,110.941947
2003-12-30,110.677839
2003-12-31,110.383201
2004-01-02,109.704813
2004-01-05,109.848435
2004-01-06,110.598486
2004-01-07,110.811845
2004-01-08,110.857305
2004-01-09,112.016744
2004-01-12,111.973679
2004-01-13,112.326331
2004-01-14,112.630252
2004-01-15,112.761295
2004-01-16,112.503834
2004-01-20,112.261446
2004-01-21,112.419845
2004-01-22,112.971031
2004-01-23,112.261949
2004-01-26,111.796802
2004-01-27,112.273152
2004-01-28,111.473073
2004-01-29,111.31479
2004-01-30,111.677733
2004-02-02,111.101802
2004-02-03,111.463778
2004-02-04,111.258607
2004-02-05,111.029309
2004-02-06,111.547703
2004-02-09,111.845794
2004-02-10,111.581301
2004-02-11,112.207452
2004-02-12,111.955122
2004-02-13,112.22332
2004-02-17,112.352679
2004-02-18,112.283256
2004-02-19,112.350678
2004-02-20,111.960921
2004-02-23,112.29785
2004-02-24,112.32689
2004-02-25,112.430874
2004-02-26,112.258248
2004-02-27,112.779621
2004-03-01,112.299924
2004-03-02,111.937703
2004-03-03,111.844796
2004-03-04,112.087448
2004-03-05,113.457443
2004-03-08,113.891579
2004-03-09,114.250585
2004-03-10,114.087232
2004-03-11,113.872661
2004-03-12,113.7647
2004-03-15,113.677171
2004-03-16,114.302767
2004-03-17,114.367942
2004-03-18,113.843727
2004-03-19,113.708207
2004-03-22,114.170169
2004-03-23,114.246391
2004-03-24,114.227269
2004-03-25,114.039331
2004-03-26,113.330089
2004-03-29,113.078813
2004-03-30,113.086194
2004-03-31,113.582546
2004-04-01,112.71108
2004-04-02,111.090757
2004-04-05,110.612365
2004-04-06,110.975861
2004-04-07,111.093138
2004-04-08,110.957187
2004-04-12,110.825034
2004-04-13,110.141673
2004-04-14,109.762082
2004-04-15,109.553467
2004-04-16,109.927951
2004-04-19,109.76839
2004-04-20,109.490257
2004-04-21,109.341254
2004-04-22,109.735741
2004-04-23,109.200684
2004-04-26,109.415938
2004-04-27,109.561872
2004-04-28,109.049463
2004-04-29,108.535112
2004-04-30,108.840812
2004-05-03,108.406501
2004-05-04,108.078813
2004-05-05,107.748547
2004-05-06,107.333971
2004-05-07,106.146219
2004-05-10,105.809017
2004-05-11,105.962098
2004-05-12,105.874262
2004-05-13,105.48197
2004-05-14,105.864685
2004-05-17,106.56269
2004-05-18,106.454158
2004-05-19,106.169415
2004-05-20,106.681819
2004-05-21,106.423807
2004-05-24,106.689142
2004-05-25,106.715347
2004-05-26,107.111453
2004-05-27,107.705875
2004-05-28,107.296606
2004-06-01,106.564208
2004-06-02,106.599249
2004-06-03,106.471357
2004-06-04,106.066038
2004-06-07,106.227825
2004-06-08,106.28483
2004-06-09,106.038891
2004-06-10,106.159301
2004-06-14,105.637777
2004-06-15,106.865687
2004-06-16,106.580695
2004-06-17,106.899019
2004-06-18,106.790719
2004-06-21,106.971169
2004-06-22,106.915604
2004-06-23,106.960593
2004-06-24,107.282304
2004-06-25,107.329038
2004-06-28,106.702054
2004-06-29,106.990015
2004-06-30,107.459043
2004-07-01,107.332202
2004-07-02,108.020833
2004-07-06,107.963488
2004-07-07,108.018052
2004-07-08,108.057725
2004-07-09,108.101267
2004-07-12,108.298703
2004-07-13,108.082393
2004-07-14,108.101639
2004-07-15,108.103083
2004-07-16,108.954233
2004-07-19,109.008075
2004-07-20,108.491215
2004-07-21,108.251893
2004-07-22,108.414868
2004-07-23,108.597013
2004-07-26,108.376213
2004-07-27,107.613459
2004-07-28,107.691862
2004-07-29,107.813396
2004-07-30,108.535206
2004-08-02,108.257783
2004-08-03,108.391036
2004-08-04,108.36678
2004-08-05,108.555859
2004-08-06,109.80048
2004-08-09,109.668907
2004-08-10,109.338237
2004-08-11,109.450511
2004-08-12,109.636507
2004-08-13,109.957153
2004-08-16,109.716713
2004-08-17,110.10097
2004-08-18,109.966114
2004-08-19,110.140951
2004-08-20,110.067151
2004-08-23,109.813654
2004-08-24,109.865971
2004-08-25,110.013739
2004-08-26,110.325939
2004-08-27,110.373986
2004-08-30,110.733012
2004-08-31,111.150076
2004-09-01,110.798995
2004-09-02,110.369757
2004-09-03,109.711112
2004-09-07,110.192757
2004-09-08,110.807188
2004-09-09,110.59041
2004-09-10,110.702402
2004-09-13,111.021072
2004-09-14,111.189198
2004-09-15,110.972012
2004-09-16,111.693419
2004-09-17,111.295875
2004-09-20,111.83439
2004-09-21,111.984326
2004-09-22,112.343153
2004-09-23,112.009565
2004-09-24,111.952919
2004-09-27,112.259346
2004-09-28,112.162477
2004-09-29,111.61989
2004-09-30,111.526074
2004-10-01,110.625423
2004-10-04,110.805918
2004-10-05,110.842194
2004-10-06,110.485358
2004-10-07,110.351503
2004-10-08,111.175737
2004-10-11,111.221578
2004-10-12,111.469094
2004-10-13,111.655329
2004-10-14,112.119166
2004-10-15,111.826732
2004-10-18,111.90896
2004-10-19,111.995875
2004-10-20,112.266807
2004-10-21,112.278513
2004-10-22,112.405033
2004-10-25,112.527918
2004-10-26,112.467486
2004-10-27,111.838837
2004-10-28,112.012803
2004-10-29,112.435745
2004-11-01,111.660079
2004-11-02,111.775272
2004-11-03,111.884084
2004-11-04,111.999914
2004-11-05,111.204793
2004-11-08,111.082679
2004-11-09,111.128886
2004-11-10,110.916246
2004-11-11,110.931343
2004-11-12,111.378523
2004-11-15,111.511736
2004-11-16,111.426688
2004-11-17,111.888793
2004-11-18,112.067943
2004-11-19,111.547347
2004-11-22,111.811885
2004-11-23,111.715429
2004-11-24,111.639375
2004-11-26,111.361468
2004-11-29,110.775958
2004-11-30,110.65634
2004-12-01,110.182771
2004-12-02,110.074224
2004-12-03,111.005577
2004-12-06,111.341107
2004-12-07,111.385805
2004-12-08,112.136924
2004-12-09,111.895941
2004-12-10,111.936006
2004-12-13,111.991668
2004-12-14,112.124724
2004-12-15,112.528915
2004-12-16,111.787036
2004-12-17,111.690363
2004-12-20,111.789308
2004-12-21,112.047317
2004-12-22,111.889284
2004-12-23,111.79776
2004-12-27,111.337853
2004-12-28,111.354421
2004-12-29,111.167285
2004-12-30,111.626957
2004-12-31,111.526288
2005-01-03,111.643793
2005-01-04,111.168185
2005-01-05,111.257825
2005-01-06,111.191828
2005-01-07,111.074178
2005-01-10,111.146196
2005-01-11,111.366608
2005-01-12,111.430402
2005-01-13,111.7939
2005-01-14,111.526089
2005-01-18,111.755713
2005-01-19,111.843737
2005-01-20,111.977309
2005-01-21,112.100753
2005-01-24,112.209787
2005-01-25,111.915332
2005-01-26,112.006938
2005-01-27,111.978406
2005-01-28,112.425676
2005-01-31,112.457309
2005-02-01,112.033678
2005-02-02,111.900921
2005-02-03,111.803855
2005-02-04,112.636062
2005-02-07,112.700832
2005-02-08,112.965936
2005-02-09,113.443938
2005-02-10,112.772088
2005-02-11,112.558152
2005-02-14,112.853896
2005-02-15,112.64595
2005-02-16,112.238133
2005-02-17,112.11038
2005-02-18,111.588686
2005-02-22,111.469536
2005-02-23,111.57805
2005-02-24,111.508126
2005-02-25,111.630148
2005-02-28,111.093081
2005-03-01,110.533415
2005-03-02,110.578523
2005-03-03,110.560022
2005-03-04,111.07448
2005-03-07,111.218739
2005-03-08,110.737278
2005-03-09,109.807352
2005-03-10,110.247734
2005-03-11,109.635055
2005-03-14,109.802903
2005-03-15,109.500415
2005-03-16,109.573172
2005-03-17,109.555776
2005-03-18,109.451164
2005-03-21,109.337329
2005-03-22,108.60503
2005-03-23,108.336394
2005-03-24,108.555406
2005-03-28,108.368319
2005-03-29,108.579813
2005-03-30,108.669912
2005-03-31,108.991056
2005-04-01,108.757189
2005-04-04,108.85831
2005-04-05,108.70429
2005-04-06,108.907182
2005-04-07,108.726564
2005-04-08,108.716485
2005-04-11,108.828196
2005-04-12,109.405694
2005-04-13,109.254707
2005-04-14,109.315518
2005-04-15,109.598475
2005-04-18,109.571757
2005-04-19,109.958466
2005-04-20,110.024419
2005-04-21,109.621844
2005-04-22,110.201135
2005-04-25,110.185896
2005-04-26,110.043867
2005-04-27,110.247913
2005-04-28,110.61335
2005-04-29,110.345827
2005-05-02,109.918281
2005-05-03,109.923142
2005-05-04,109.920319
2005-05-05,110.156261
2005-05-06,109.321617
2005-05-09,109.294277
2005-05-10,109.709872
2005-05-11,109.757402
2005-05-12,109.893175
2005-05-13,110.135441
2005-05-16,109.937025
2005-05-17,110.030449
2005-05-18,110.259086
2005-05-19,110.240408
2005-05-20,110.215081
2005-05-23,110.728924
2005-05-24,110.855785
2005-05-25,110.814552
2005-05-26,110.813369
2005-05-27,111.03454
2005-05-31,111.57879
2005-06-01,111.867213
2005-06-02,112.173442
2005-06-03,111.620594
2005-06-06,111.74908
2005-06-07,111.904135
2005-06-08,111.859726
2005-06-09,111.625402
2005-06-10,110.993105
2005-06-13,110.745505
2005-06-14,110.47713
2005-06-15,110.532631
2005-06-16,110.922002
2005-06-17,110.955836
2005-06-20,110.765107
2005-06-21,111.131038
2005-06-22,111.865312
2005-06-23,111.632091
2005-06-24,112.111479
2005-06-27,112.245894
2005-06-28,111.657715
2005-06-29,111.623755
2005-06-30,112.061642
2005-07-01,110.937902
2005-07-05,110.540629
2005-07-06,110.758566
2005-07-07,111.104141
2005-07-08,110.582518
2005-07-11,110.658966
2005-07-12,110.503775
2005-07-13,110.415814
2005-07-14,110.344456
2005-07-15,110.408811
2005-07-18,110.088511
2005-07-19,110.327949
2005-07-20,110.597443
2005-07-21,109.811357
2005-07-22,110.221671
2005-07-25,110.180933
2005-07-26,110.237943
2005-07-27,110.045361
2005-07-28,110.58887
2005-07-29,110.066887
2005-08-01,109.424375
2005-08-02,109.24948
2005-08-03,109.467722
2005-08-04,109.309959
2005-08-05,108.787578
2005-08-08,108.630856
2005-08-09,108.755854
2005-08-10,108.75816
2005-08-11,109.20378
2005-08-12,109.754685
2005-08-15,109.630534
2005-08-16,109.915517
2005-08-17,109.561233
2005-08-18,109.997492
2005-08-19,110.034743
2005-08-22,110.081574
2005-08-23,110.289049
2005-08-24,110.339858
2005-08-25,110.460624
2005-08-26,110.253482
2005-08-29,110.373037
2005-08-30,110.905254
2005-08-31,111.402336
2005-09-01,110.915129
2005-09-02,110.786953
2005-09-06,110.461506
2005-09-07,110.079675
2005-09-08,110.072898
2005-09-09,110.193987
2005-09-12,109.935736
2005-09-13,110.205976
2005-09-14,109.859207
2005-09-15,109.61329
2005-09-16,109.234781
2005-09-19,109.324754
2005-09-20,109.362669
2005-09-21,109.734924
2005-09-22,109.822825
2005-09-23,109.394922
2005-09-26,109.143372
2005-09-27,109.097713
2005-09-28,109.350968
2005-09-29,109.152543
2005-09-30,108.876046
2005-10-03,108.093226
2005-10-04,108.185709
2005-10-05,108.317574
2005-10-06,108.269688
2005-10-07,108.291129
2005-10-10,108.334934
2005-10-11,108.164313
2005-10-12,107.690625
2005-10-13,107.378908
2005-10-14,107.260365
2005-10-17,107.307551
2005-10-18,107.444176
2005-10-19,107.507502
2005-10-20,107.533332
2005-10-21,108.007005
2005-10-24,107.651176
2005-10-25,107.132295
2005-10-26,106.507308
2005-10-27,106.727222
2005-10-28,106.656199
2005-10-31,106.727886
2005-11-01,106.255294
2005-11-02,106.035316
2005-11-03,105.82941
2005-11-04,105.740112
2005-11-07,105.915526
2005-11-08,106.409056
2005-11-09,105.953823
2005-11-10,106.461635
2005-11-11,106.476274
2005-11-14,106.189982
2005-11-15,106.472089
2005-11-16,106.921866
2005-11-17,107.127719
2005-11-18,106.821464
2005-11-21,107.13873
2005-11-22,107.357055
2005-11-23,107.111935
2005-11-25,107.430708
2005-11-28,107.704658
2005-11-29,107.052129
2005-11-30,107.115214
2005-12-01,106.575928
2005-12-02,106.581977
2005-12-05,106.315312
2005-12-06,106.771485
2005-12-07,106.649456
2005-12-08,107.011306
2005-12-09,106.503333
2005-12-12,106.518715
2005-12-13,106.641352
2005-12-14,107.227125
2005-12-15,107.146687
2005-12-16,107.349924
2005-12-19,107.414282
2005-12-20,107.288607
2005-12-21,106.996855
2005-12-22,107.526271
2005-12-23,107.932168
2005-12-27,108.251618
2005-12-28,107.631814
2005-12-29,107.723082
2005-12-30,107.497465
2006-01-03,107.686575
2006-01-04,107.824201
2006-01-05,107.829229
2006-01-06,107.672763
2006-01-09,107.687791
2006-01-10,107.381579
2006-01-11,107.169952
2006-01-12,107.483901
2006-01-13,107.956652
2006-01-17,108.111525
2006-01-18,108.053556
2006-01-19,107.856661
2006-01-20,107.970521
2006-01-23,108.052616
2006-01-24,107.906228
2006-01-25,107.360746
2006-01-26,107.158927
2006-01-27,107.18691
2006-01-30,107.13276
2006-01-31,107.255089
2006-02-01,106.483538
2006-02-02,106.646933
2006-02-03,106.960779
2006-02-06,106.896005
2006-02-07,106.714683
2006-02-08,106.553489
2006-02-09,106.715959
2006-02-10,106.501185
2006-02-13,106.590227
2006-02-14,106.411717
2006-02-15,106.498558
2006-02-16,106.576954
2006-02-17,106.994398
2006-02-21,106.91756
2006-02-22,107.194109
2006-02-23,107.016471
2006-02-24,106.972933
2006-02-27,106.780533
2006-02-28,107.208469
2006-03-01,106.557438
2006-03-02,106.180127
2006-03-03,105.784368
2006-03-06,105.590643
2006-03-07,105.575028
2006-03-08,105.570035
2006-03-09,105.620259
2006-03-10,105.420138
2006-03-13,105.403772
2006-03-14,105.921601
2006-03-15,105.745843
2006-03-16,106.357117
2006-03-17,106.194826
2006-03-20,106.354699
2006-03-21,105.93544
2006-03-22,106.032797
2006-03-23,105.837871
2006-03-24,106.266282
2006-03-27,106.074632
2006-03-28,105.578412
2006-03-29,105.355687
2006-03-30,105.173805
2006-03-31,105.08813
2006-04-03,104.602073
2006-04-04,104.68555
2006-04-05,104.869446
2006-04-06,104.562187
2006-04-07,104.134607
2006-04-10,104.156238
2006-04-11,104.409211
2006-04-12,104.131422
2006-04-13,103.759975
2006-04-17,104.053018
2006-04-18,104.296164
2006-04-19,104.036834
2006-04-20,104.017162
2006-04-21,104.078874
2006-04-24,104.437535
2006-04-25,103.927075
2006-04-26,103.735161
2006-04-27,103.995607
2006-04-28,104.127865
2006-05-01,103.3248
2006-05-02,103.492382
2006-05-03,103.382575
2006-05-04,103.344275
2006-05-05,103.594614
2006-05-08,103.611656
2006-05-09,103.58074
2006-05-10,103.599068
2006-05-11,103.427987
2006-05-12,103.100947
2006-05-15,103.36526
2006-05-16,103.666235
2006-05-17,103.258837
2006-05-18,103.859603
2006-05-19,103.983716
2006-05-22,104.026852
2006-05-23,103.861194
2006-05-24,103.753353
2006-05-25,104.061974
2006-05-26,103.992994
2006-05-30,103.847584
2006-05-31,103.481922
2006-06-01,103.187748
2006-06-02,103.977879
2006-06-05,103.834007
2006-06-06,103.907918
2006-06-07,103.796208
2006-06-08,103.973292
2006-06-09,104.103807
2006-06-12,104.088333
2006-06-13,104.242626
2006-06-14,103.6223
2006-06-15,103.356728
2006-06-16,103.190815
2006-06-19,103.12002
2006-06-20,103.006034
2006-06-21,102.985867
2006-06-22,102.726734
2006-06-23,102.722597
2006-06-26,102.424291
2006-06-27,102.472965
2006-06-28,102.41503
2006-06-29,102.432225
2006-06-30,103.175935
2006-07-03,102.747428
2006-07-05,102.33286
2006-07-06,102.61213
2006-07-07,102.959819
2006-07-10,103.075072
2006-07-11,103.238903
2006-07-12,103.258942
2006-07-13,103.460622
2006-07-14,103.537203
2006-07-17,103.55003
2006-07-18,103.157429
2006-07-19,103.677512
2006-07-20,103.893517
2006-07-21,103.817876
2006-07-24,103.700759
2006-07-25,103.566591
2006-07-26,103.638663
2006-07-27,103.677648
2006-07-28,104.121363
2006-07-31,104.405246
2006-08-01,103.968512
2006-08-02,104.12
2006-08-03,104.163041
2006-08-04,104.495769
2006-08-07,104.451168
2006-08-08,104.470233
2006-08-09,104.406576
2006-08-10,104.366129
2006-08-11,104.13408
2006-08-14,103.980859
2006-08-15,104.482029
2006-08-16,104.886674
2006-08-17,104.91592
2006-08-18,105.134945
2006-08-21,105.256999
2006-08-22,105.323263
2006-08-23,105.327799
2006-08-24,105.44
2006-08-25,105.55
2006-08-28,105.56
2006-08-29,105.61
2006-08-30,105.81
2006-08-31,105.97
2006-09-01,105.59
2006-09-05,105.3
2006-09-06,105.2
2006-09-07,105.3
2006-09-08,105.45
2006-09-11,105.3
2006-09-12,105.52
2006-09-13,105.6
2006-09-14,105.46
2006-09-15,105.43
2006-09-18,105.39
2006-09-19,105.89
2006-09-20,105.94
2006-09-21,106.49
2006-09-22,106.8
2006-09-25,107.15
2006-09-26,106.94
2006-09-27,106.88
2006-09-28,106.75
2006-09-29,106.7
2006-10-02,106.33
2006-10-03,106.37
2006-10-04,106.74
2006-10-05,106.44
2006-10-06,105.88
2006-10-09,105.93
2006-10-10,105.56
2006-10-11,105.38
2006-10-12,105.45
2006-10-13,105.3
2006-10-16,105.47
2006-10-17,105.6
2006-10-18,105.69
2006-10-19,105.58
2006-10-20,105.6
2006-10-23,105.38
2006-10-24,105.4
2006-10-25,105.8
2006-10-26,106.06
2006-10-27,106.54
2006-10-30,106.63
2006-10-31,107.04
2006-11-01,106.84
2006-11-02,106.62
2006-11-03,105.91
2006-11-06,106.01
2006-11-07,106.4
2006-11-08,106.57
2006-11-09,106.64
2006-11-10,106.91
2006-11-13,106.83
2006-11-14,107.14
2006-11-15,106.88
2006-11-16,106.62
2006-11-17,106.98
2006-11-20,107.11
2006-11-21,107.23
2006-11-22,107.34
2006-11-24,107.49
2006-11-27,107.62
2006-11-28,107.79
2006-11-29,107.76
2006-11-30,108.13
2006-12-01,107.85
2006-12-04,108.01
2006-12-05,107.98
2006-12-06,107.78
2006-12-07,107.77
2006-12-08,107.43
2006-12-11,107.57
2006-12-12,107.79
2006-12-13,107.28
2006-12-14,107.11
2006-12-15,107.11
2006-12-18,107.17
2006-12-19,107.14
2006-12-20,107.15
2006-12-21,107.4
2006-12-22,107.02
2006-12-26,107.16
2006-12-27,106.47
2006-12-28,106.22
2006-12-29,106.21
2007-01-03,106.51
2007-01-04,106.85
2007-01-05,106.68
2007-01-08,106.7
2007-01-09,106.73
2007-01-10,106.58
2007-01-11,106.25
2007-01-12,106.02
2007-01-16,106.24
2007-01-17,106.05
2007-01-18,106.25
2007-01-19,106.15
2007-01-22,106.29
2007-01-23,106.07
2007-01-24,106.06
2007-01-25,105.71
2007-01-26,105.63
2007-01-29,105.59
2007-01-30,105.7
2007-01-31,106.02
2007-02-01,105.59
2007-02-02,105.67
2007-02-05,105.81
2007-02-06,106.13
2007-02-07,106.33
2007-02-08,106.42
2007-02-09,106.13
2007-02-12,106.03
2007-02-13,105.97
2007-02-14,106.55
2007-02-15,106.79
2007-02-16,106.9
2007-02-20,107.04
2007-02-21,106.98
2007-02-22,106.81
2007-02-23,107.09
2007-02-26,107.4
2007-02-27,107.85
2007-02-28,108.03
2007-03-01,107.49
2007-03-02,107.61
2007-03-05,107.66
2007-03-06,107.55
2007-03-07,107.7
2007-03-08,107.74
2007-03-09,107.35
2007-03-12,107.57
2007-03-13,107.73
2007-03-14,107.65
2007-03-15,107.54
2007-03-16,107.48
2007-03-19,107.33
2007-03-20,107.38
2007-03-21,107.53
2007-03-22,107.33
2007-03-23,107.07
2007-03-26,107.17
2007-03-27,107.09
2007-03-28,107.03
2007-03-29,106.97
2007-03-30,106.86
2007-04-02,106.4
2007-04-03,106.35
2007-04-04,106.42
2007-04-05,106.27
2007-04-09,106.01
2007-04-10,106.01
2007-04-11,106.02
2007-04-12,106.04
2007-04-13,105.92
2007-04-16,106.09
2007-04-17,106.35
2007-04-18,106.53
2007-04-19,106.62
2007-04-20,106.62
2007-04-23,106.78
2007-04-24,106.99
2007-04-25,106.88
2007-04-26,106.69
2007-04-27,106.6
2007-04-30,106.95
2007-05-01,106.56
2007-05-02,106.54
2007-05-03,106.42
2007-05-04,106.55
2007-05-07,106.65
2007-05-08,106.67
2007-05-09,106.53
2007-05-10,106.61
2007-05-11,106.53
2007-05-14,106.54
2007-05-15,106.46
2007-05-16,106.44
2007-05-17,106.25
2007-05-18,105.96
2007-05-21,105.97
2007-05-22,105.81
2007-05-23,105.62
2007-05-24,105.59
2007-05-25,105.57
2007-05-29,105.53
2007-05-30,105.52
2007-05-31,105.43
2007-06-01,104.67
2007-06-04,104.73
2007-06-05,104.53
2007-06-06,104.5
2007-06-07,103.9
2007-06-08,103.56
2007-06-11,103.55
2007-06-12,103.31
2007-06-13,103.2
2007-06-14,103.23
2007-06-15,103.31
2007-06-18,103.43
2007-06-19,103.69
2007-06-20,103.62
2007-06-21,103.52
2007-06-22,103.57
2007-06-25,103.79
2007-06-26,103.76
2007-06-27,103.86
2007-06-28,103.8
2007-06-29,103.94
2007-07-02,103.67
2007-07-03,103.61
2007-07-05,103.33
2007-07-06,103.05
2007-07-09,103.12
2007-07-10,103.67
2007-07-11,103.47
2007-07-12,103.23
2007-07-13,103.29
2007-07-16,103.53
2007-07-17,103.52
2007-07-18,103.65
2007-07-19,103.58
2007-07-20,103.71
2007-07-23,103.73
2007-07-24,103.74
2007-07-25,103.79
2007-07-26,103.87
2007-07-27,103.81
2007-07-30,103.81
2007-07-31,103.85
2007-08-01,103.39
2007-08-02,103.39
2007-08-03,103.55
2007-08-06,103.53
2007-08-07,103.5
2007-08-08,103.36
2007-08-09,103.46
2007-08-10,103.43
2007-08-13,103.5
2007-08-14,103.62
2007-08-15,103.64
2007-08-16,103.67
2007-08-17,103.56
2007-08-20,103.33
2007-08-21,103.35
2007-08-22,103.36
2007-08-23,103.41
2007-08-24,103.44
2007-08-27,103.64
2007-08-28,103.9
2007-08-29,103.83
2007-08-30,104.01
2007-08-31,103.93
2007-09-04,103.48
2007-09-05,103.78
2007-09-06,103.69
2007-09-07,104.22
2007-09-10,104.51
2007-09-11,104.43
2007-09-12,104.23
2007-09-13,104.06
2007-09-14,104.04
2007-09-17,104.08
2007-09-18,104.16
2007-09-19,104.2
2007-09-20,103.86
2007-09-21,103.92
2007-09-24,104.1
2007-09-25,104.18
2007-09-26,104.26
2007-09-27,104.54
2007-09-28,104.67
2007-10-01,104.29
2007-10-02,104.52
2007-10-03,104.61
2007-10-04,104.77
2007-10-05,104.44
2007-10-08,104.49
2007-10-09,104.5
2007-10-10,104.57
2007-10-11,104.58
2007-10-12,104.5
2007-10-15,104.55
2007-10-16,104.67
2007-10-17,104.98
2007-10-18,105.11
2007-10-19,105.5
2007-10-22,105.57
2007-10-23,105.63
2007-10-24,105.8
2007-10-25,105.82
2007-10-26,105.71
2007-10-29,105.82
2007-10-30,105.81
2007-10-31,105.53
2007-11-01,105.18
2007-11-02,105.18
2007-11-05,105.12
2007-11-06,104.94
2007-11-07,104.79
2007-11-08,104.75
2007-11-09,104.84
2007-11-12,104.89
2007-11-13,104.81
2007-11-14,104.65
2007-11-15,104.78
2007-11-16,104.88
2007-11-19,105.06
2007-11-20,105.11
2007-11-21,105.18
2007-11-23,105.23
2007-11-26,105.83
2007-11-27,105.73
2007-11-28,105.48
2007-11-29,105.48
2007-11-30,105.54
2007-12-03,105.33
2007-12-04,105.41
2007-12-05,105.24
2007-12-06,104.79
2007-12-07,103.91
2007-12-10,103.79
2007-12-11,104.36
2007-12-12,104.35
2007-12-13,103.97
2007-12-14,103.57
2007-12-17,103.631653
2007-12-18,103.904877
2007-12-19,104.360243
2007-12-20,104.625086
2007-12-21,104.329975
2007-12-24,103.903679
2007-12-26,103.683119
2007-12-27,103.517784
2007-12-28,104.27576
2007-12-31,104.350916
2008-01-02,105.10646
2008-01-03,105.300048
2008-01-04,105.526283
2008-01-07,105.600606
2008-01-08,105.539779
2008-01-09,105.530269
2008-01-10,105.086771
2008-01-11,105.34487
2008-01-14,105.521653
2008-01-15,105.83545
2008-01-16,105.829866
2008-01-17,106.048609
2008-01-18,106.129988
2008-01-22,106.480286
2008-01-23,106.777795
2008-01-24,106.154057
2008-01-25,106.133879
2008-01-28,106.275526
2008-01-29,106.173115
2008-01-30,105.80505
2008-01-31,105.922758
2008-02-01,105.800101
2008-02-04,105.792993
2008-02-05,106.044202
2008-02-06,105.996764
2008-02-07,105.559063
2008-02-08,105.528775
2008-02-11,105.688685
2008-02-12,105.528747
2008-02-13,105.387065
2008-02-14,104.936976
2008-02-15,104.843064
2008-02-19,104.426561
2008-02-20,104.151242
2008-02-21,104.462203
2008-02-22,104.656078
2008-02-25,104.2841
2008-02-26,104.205907
2008-02-27,104.284352
2008-02-28,104.586197
2008-02-29,105.394317
2008-03-03,104.978545
2008-03-04,104.875497
2008-03-05,104.469126
2008-03-06,104.31184
2008-03-07,104.333035
2008-03-10,104.428173
2008-03-11,103.357749
2008-03-12,103.168406
2008-03-13,102.802348
2008-03-14,102.830008
2008-03-17,102.898243
2008-03-18,102.823359
2008-03-19,103.250795
2008-03-20,103.266568
2008-03-24,103.115163
2008-03-25,103.12988
2008-03-26,103.190457
2008-03-27,103.03572
2008-03-28,103.200248
2008-03-31,103.476842
2008-04-01,102.561379
2008-04-02,102.437381
2008-04-03,102.502122
2008-04-04,103.199576
2008-04-07,103.321043
2008-04-08,103.416143
2008-04-09,103.819437
2008-04-10,103.696909
2008-04-11,104.205121
2008-04-14,104.131017
2008-04-15,103.908086
2008-04-16,103.269619
2008-04-17,102.89935
2008-04-18,102.890313
2008-04-21,103.299155
2008-04-22,103.438274
2008-04-23,103.444088
2008-04-24,103.381797
2008-04-25,103.17793
2008-04-28,103.180534
2008-04-29,103.273422
2008-04-30,103.651121
2008-05-01,103.490148
2008-05-02,103.793586
2008-05-05,103.765375
2008-05-06,103.528299
2008-05-07,103.461194
2008-05-08,103.69191
2008-05-09,104.1275
2008-05-12,104.232042
2008-05-13,103.89382
2008-05-14,103.495865
2008-05-15,103.659087
2008-05-16,103.831303
2008-05-19,103.932656
2008-05-20,104.189378
2008-05-21,104.095602
2008-05-22,103.535217
2008-05-23,103.779128
2008-05-27,103.174027
2008-05-28,102.534928
2008-05-29,102.144006
2008-05-30,102.357289
2008-06-02,102.225173
2008-06-03,102.499083
2008-06-04,102.38315
2008-06-05,102.097247
2008-06-06,102.504095
2008-06-09,102.447025
2008-06-10,101.900731
2008-06-11,101.848707
2008-06-12,101.22252
2008-06-13,100.775684
2008-06-16,100.782929
2008-06-17,100.858062
2008-06-18,101.205155
2008-06-19,101.050877
2008-06-20,101.192516
2008-06-23,101.047014
2008-06-24,101.225721
2008-06-25,101.25143
2008-06-26,101.171084
2008-06-27,100.949674
2008-06-30,101.105432
2008-07-01,100.525783
2008-07-02,100.789999
2008-07-03,100.722191
2008-07-07,100.81628
2008-07-08,101.349126
2008-07-09,101.61277
2008-07-10,101.698384
2008-07-11,101.201895
2008-07-14,101.227189
2008-07-15,101.365393
2008-07-16,100.988466
2008-07-17,100.510666
2008-07-18,100.152242
2008-07-21,99.878343
2008-07-22,99.491241
2008-07-23,99.289402
2008-07-24,99.669073
2008-07-25,99.458445
2008-07-28,99.712077
2008-07-29,99.682169
2008-07-30,99.70541
2008-07-31,100.051198
2008-08-01,99.777922
2008-08-04,99.798178
2008-08-05,99.899791
2008-08-06,99.662166
2008-08-07,99.902907
2008-08-08,100.057349
2008-08-11,100.030006
2008-08-12,100.280904
2008-08-13,100.306119
2008-08-14,100.350784
2008-08-15,100.553955
2008-08-18,100.799611
2008-08-19,100.799574
2008-08-20,100.83509
2008-08-21,100.719782
2008-08-22,100.507534
2008-08-25,100.656139
2008-08-26,100.734969
2008-08-27,100.873061
2008-08-28,100.764193
2008-08-29,100.689748
2008-09-02,100.435267
2008-09-03,100.616004
2008-09-04,100.880916
2008-09-05,100.789128
2008-09-08,100.92233
2008-09-09,101.139831
2008-09-10,100.826899
2008-09-11,100.490931
2008-09-12,100.036166
2008-09-15,96.855368
2008-09-16,94.865123
2008-09-17,93.356845
2008-09-18,93.344745
2008-09-19,93.790248
2008-09-22,93.880612
2008-09-23,93.615824
2008-09-24,93.918562
2008-09-25,92.69981
2008-09-26,91.575579
2008-09-29,91.878223
2008-09-30,91.993465
2008-10-01,91.369439
2008-10-02,91.250146
2008-10-03,91.119038
2008-10-06,91.032243
2008-10-07,90.575814
2008-10-08,89.684682
2008-10-09,88.632403
2008-10-10,86.955065
2008-10-13,87.002239
2008-10-14,87.022201
2008-10-15,87.328078
2008-10-16,86.696984
2008-10-17,86.568907
2008-10-20,86.998663
2008-10-21,86.771348
2008-10-22,87.158019
2008-10-23,87.377118
2008-10-24,86.931664
2008-10-27,86.553025
2008-10-28,86.400862
2008-10-29,85.864218
2008-10-30,85.912155
2008-10-31,85.779404
2008-11-03,85.557487
2008-11-04,86.362126
2008-11-05,86.895464
2008-11-06,87.342524
2008-11-07,87.133595
2008-11-10,87.702837
2008-11-11,87.71833
2008-11-12,87.964723
2008-11-13,87.948456
2008-11-14,88.19386
2008-11-17,88.626169
2008-11-18,88.702881
2008-11-19,89.288877
2008-11-20,89.816326
2008-11-21,88.872915
2008-11-24,88.398885
2008-11-25,89.096549
2008-11-26,89.194252
2008-11-28,89.481294
2008-12-01,89.78719
2008-12-02,90.341367
2008-12-03,90.386569
2008-12-04,90.588215
2008-12-05,90.927626
2008-12-08,90.392351
2008-12-09,90.862183
2008-12-10,91.04032
2008-12-11,91.457874
2008-12-12,91.611659
2008-12-15,92.162498
2008-12-16,93.347468
2008-12-17,94.649346
2008-12-18,96.433707
2008-12-19,96.693707
2008-12-22,96.902502
2008-12-23,97.139923
2008-12-24,96.578454
2008-12-26,96.916884
2008-12-29,96.643081
2008-12-30,97.806093
2008-12-31,98.407733
2009-01-02,97.685398
2009-01-05,97.217914
2009-01-06,97.338939
2009-01-07,97.944722
2009-01-08,98.294354
2009-01-09,98.470923
2009-01-12,98.826772
2009-01-13,98.736827
2009-01-14,99.096502
2009-01-15,99.161975
2009-01-16,98.76674
2009-01-20,98.073773
2009-01-21,97.532976
2009-01-22,96.632255
2009-01-23,95.972981
2009-01-26,95.860909
2009-01-27,97.10004
2009-01-28,97.053537
2009-01-29,97.478297
2009-01-30,97.296036
2009-02-02,96.776434
2009-02-03,96.350399
2009-02-04,95.796132
2009-02-05,95.115602
2009-02-06,95.863739
2009-02-09,95.777312
2009-02-10,96.156727
2009-02-11,96.765802
2009-02-12,96.905841
2009-02-13,96.305715
2009-02-17,97.316101
2009-02-18,97.047182
2009-02-19,95.87108
2009-02-20,95.660816
2009-02-23,95.657192
2009-02-24,95.284696
2009-02-25,94.357213
2009-02-26,94.360952
2009-02-27,93.729296
2009-03-02,93.662444
2009-03-03,93.438982
2009-03-04,93.09929
2009-03-05,93.52166
2009-03-06,92.407697
2009-03-09,91.525061
2009-03-10,90.634248
2009-03-11,90.852929
2009-03-12,90.642886
2009-03-13,90.608842
2009-03-16,90.643165
2009-03-17,90.585975
2009-03-18,91.201872
2009-03-19,91.466553
2009-03-20,91.380482
2009-03-23,91.251129
2009-03-24,91.223713
2009-03-25,90.924521
2009-03-26,91.28256
2009-03-27,91.403312
2009-03-30,91.66206
2009-03-31,92.103996
2009-04-01,91.694574
2009-04-02,91.280849
2009-04-03,90.686119
2009-04-06,90.906435
2009-04-07,91.101948
2009-04-08,91.689347
2009-04-09,91.372222
2009-04-13,92.391768
2009-04-14,93.059295
2009-04-15,93.399126
2009-04-16,93.447557
2009-04-17,92.970164
2009-04-20,94.217555
2009-04-21,93.745944
2009-04-22,93.657653
2009-04-23,93.957553
2009-04-24,93.339095
2009-04-27,94.168551
2009-04-28,93.788326
2009-04-29,93.573476
2009-04-30,93.789436
2009-05-01,93.120488
2009-05-04,93.7532
2009-05-05,94.093229
2009-05-06,94.345295
2009-05-07,93.912474
2009-05-08,94.013934
2009-05-11,95.149582
2009-05-12,95.430584
2009-05-13,95.713775
2009-05-14,95.576863
2009-05-15,95.572465
2009-05-18,94.88815
2009-05-19,95.118809
2009-05-20,95.524298
2009-05-21,94.584695
2009-05-22,94.528716
2009-05-26,94.727917
2009-05-27,93.345885
2009-05-28,94.297753
2009-05-29,96.487877
2009-06-01,95.62563
2009-06-02,95.247049
2009-06-03,96.420029
2009-06-04,95.408273
2009-06-05,94.733783
2009-06-08,95.268403
2009-06-09,96.082903
2009-06-10,95.515368
2009-06-11,96.348074
2009-06-12,97.080564
2009-06-15,97.270361
2009-06-16,98.611872
2009-06-17,98.247301
2009-06-18,96.286561
2009-06-19,97.547494
2009-06-22,98.266206
2009-06-23,98.338
2009-06-24,98.099095
2009-06-25,99.346148
2009-06-26,98.882018
2009-06-29,98.764528
2009-06-30,98.651392
2009-07-01,98.325794
2009-07-02,98.667278
2009-07-06,98.551559
2009-07-07,98.687817
2009-07-08,99.34483
2009-07-09,99.218239
2009-07-10,99.602722
2009-07-13,99.731641
2009-07-14,99.088099
2009-07-15,98.246024
2009-07-16,98.733735
2009-07-17,98.61723
2009-07-20,99.283627
2009-07-21,99.992138
2009-07-22,99.875454
2009-07-23,99.292271
2009-07-24,99.816938
2009-07-27,99.79907
2009-07-28,100.054118
2009-07-29,100.223276
2009-07-30,100.777769
2009-07-31,102.068338
2009-08-03,101.684149
2009-08-04,101.369192
2009-08-05,101.149841
2009-08-06,101.662521
2009-08-07,100.97436
2009-08-10,101.833223
2009-08-11,102.003255
2009-08-12,101.836306
2009-08-13,102.0812
2009-08-14,102.804825
2009-08-17,102.748766
2009-08-18,102.614417
2009-08-19,102.613267
2009-08-20,102.81354
2009-08-21,102.609418
2009-08-24,102.979515
2009-08-25,103.319236
2009-08-26,103.590423
2009-08-27,103.430478
2009-08-28,103.599048
2009-08-31,103.932967
2009-09-01,103.505605
2009-09-02,103.746665
2009-09-03,103.813774
2009-09-04,103.488858
2009-09-08,103.394972
2009-09-09,103.297127
2009-09-10,104.500459
2009-09-11,104.424166
2009-09-14,104.600861
2009-09-15,104.411526
2009-09-16,104.456209
2009-09-17,104.9636
2009-09-18,104.904728
2009-09-21,104.774259
2009-09-22,104.986928
2009-09-23,105.217424
2009-09-24,105.348577
2009-09-25,105.621121
2009-09-28,105.784457
2009-09-29,105.595196
2009-09-30,105.547647
2009-10-01,105.327007
2009-10-02,105.125311
2009-10-05,105.188685
2009-10-06,105.212345
2009-10-07,105.365253
2009-10-08,105.535474
2009-10-09,104.706374
2009-10-12,104.754621
2009-10-13,104.548518
2009-10-14,104.522315
2009-10-15,104.021369
2009-10-16,104.10465
2009-10-19,104.426495
2009-10-20,105.04257
2009-10-21,105.07244
2009-10-22,104.866555
2009-10-23,104.849718
2009-10-26,104.578346
2009-10-27,104.543379
2009-10-28,105.066824
2009-10-29,105.005215
2009-10-30,105.076216
2009-11-02,104.880082
2009-11-03,104.499219
2009-11-04,104.081151
2009-11-05,103.883583
2009-11-06,104.072318
2009-11-09,104.362409
2009-11-10,104.453828
2009-11-11,104.468873
2009-11-12,104.484642
2009-11-13,104.703692
2009-11-16,105.270383
2009-11-17,105.675103
2009-11-18,105.674977
2009-11-19,105.599618
2009-11-20,105.526241
2009-11-23,105.440233
2009-11-24,105.633284
2009-11-25,105.886401
2009-11-27,106.098856
2009-11-30,106.256207
2009-12-01,105.348203
2009-12-02,105.535417
2009-12-03,105.176652
2009-12-04,104.941411
2009-12-07,104.803339
2009-12-08,105.144903
2009-12-09,105.298208
2009-12-10,105.140685
2009-12-11,104.963393
2009-12-14,105.118833
2009-12-15,105.058449
2009-12-16,104.8954
2009-12-17,105.345415
2009-12-18,105.849505
2009-12-21,105.551646
2009-12-22,104.7727
2009-12-23,104.705269
2009-12-24,104.459462
2009-12-28,104.276438
2009-12-29,103.795401
2009-12-30,103.933563
2009-12-31,104.141146
2010-01-04,104.193069
2010-01-05,104.570265
2010-01-06,105.095357
2010-01-07,104.948984
2010-01-08,104.924196
2010-01-11,104.93732
2010-01-12,105.228801
2010-01-13,105.389075
2010-01-14,105.221014
2010-01-15,105.699887
2010-01-19,105.56268
2010-01-20,105.573447
2010-01-21,105.851656
2010-01-22,105.915873
2010-01-25,105.747317
2010-01-26,105.466274
2010-01-27,105.418802
2010-01-28,105.266294
2010-01-29,105.27471
2010-02-01,105.075103
2010-02-02,104.826817
2010-02-03,104.880529
2010-02-04,104.745481
2010-02-05,104.899166
2010-02-08,104.989975
2010-02-09,104.632868
2010-02-10,104.251801
2010-02-11,103.828948
2010-02-12,103.754565
2010-02-16,103.972621
2010-02-17,104.015816
2010-02-18,103.661932
2010-02-19,103.656958
2010-02-22,103.968353
2010-02-23,104.185077
2010-02-24,104.670152
2010-02-25,104.744738
2010-02-26,105.130297
2010-03-01,105.025533
2010-03-02,105.075515
2010-03-03,105.087118
2010-03-04,105.144467
2010-03-05,105.089575
2010-03-08,104.95798
2010-03-09,104.913054
2010-03-10,104.940986
2010-03-11,104.866728
2010-03-12,104.991992
2010-03-15,105.209717
2010-03-16,105.355727
2010-03-17,105.829632
2010-03-18,105.984811
2010-03-19,105.849218
2010-03-22,105.876669
2010-03-23,105.977971
2010-03-24,105.730522
2010-03-25,104.834227
2010-03-26,104.637669
2010-03-29,104.907568
2010-03-30,104.953495
2010-03-31,105.105068
2010-04-01,104.636374
2010-04-05,104.479852
2010-04-06,104.088719
2010-04-07,104.295651
2010-04-08,104.805497
2010-04-09,104.759757
2010-04-12,105.110517
2010-04-13,105.386386
2010-04-14,105.566788
2010-04-15,105.509857
2010-04-16,105.789154
2010-04-19,105.912079
2010-04-20,105.868796
2010-04-21,106.153282
2010-04-22,106.258502
2010-04-23,105.975887
2010-04-26,105.905793
2010-04-27,106.117266
2010-04-28,106.050236
2010-04-29,106.062774
2010-04-30,106.49288
2010-05-03,106.237863
2010-05-04,106.288197
2010-05-05,106.464607
2010-05-06,106.625913
2010-05-07,106.314301
2010-05-10,105.808068
2010-05-11,105.581885
2010-05-12,105.634192
2010-05-13,105.681478
2010-05-14,105.943179
2010-05-17,106.234112
2010-05-18,106.391978
2010-05-19,106.568764
2010-05-20,106.507012
2010-05-21,106.563287
2010-05-24,106.65551
2010-05-25,106.269719
2010-05-26,106.086216
2010-05-27,105.554144
2010-05-28,105.454739
2010-06-01,105.130275
2010-06-02,104.996601
2010-06-03,104.807872
2010-06-04,105.00473
2010-06-07,105.721889
2010-06-08,105.77519
2010-06-09,105.807374
2010-06-10,105.468667
2010-06-11,104.835366
2010-06-14,105.25022
2010-06-15,105.042494
2010-06-16,105.029557
2010-06-17,105.499229
2010-06-18,105.96738
2010-06-21,106.032199
2010-06-22,106.191045
2010-06-23,106.642237
2010-06-24,106.826703
2010-06-25,106.685867
2010-06-28,107.077232
2010-06-29,107.487479
2010-06-30,107.800715
2010-07-01,107.511732
2010-07-02,107.617853
2010-07-06,107.425665
2010-07-07,107.720114
2010-07-08,107.525633
2010-07-09,107.348773
2010-07-12,107.327617
2010-07-13,107.353864
2010-07-14,107.342998
2010-07-15,108.029414
2010-07-16,108.473362
2010-07-19,108.750131
2010-07-20,108.600166
2010-07-21,108.912331
2010-07-22,109.208573
2010-07-23,108.808847
2010-07-26,108.855867
2010-07-27,108.958608
2010-07-28,108.973164
2010-07-29,109.270021
2010-07-30,109.553701
2010-08-02,109.510287
2010-08-03,109.441416
2010-08-04,109.642673
2010-08-05,109.563982
2010-08-06,109.855629
2010-08-09,110.237112
2010-08-10,110.236757
2010-08-11,110.292022
2010-08-12,110.535258
2010-08-13,110.500383
2010-08-16,111.240122
2010-08-17,111.584385
2010-08-18,111.567766
2010-08-19,111.972053
2010-08-20,112.051362
2010-08-23,111.832905
2010-08-24,112.109611
2010-08-25,112.394123
2010-08-26,112.204783
2010-08-27,111.885249
2010-08-30,111.421937
2010-08-31,111.919253
2010-09-01,111.440268
2010-09-02,110.884725
2010-09-03,110.618393
2010-09-07,110.801853
2010-09-08,111.130927
2010-09-09,110.865272
2010-09-10,110.190524
2010-09-13,110.393497
2010-09-14,110.97237
2010-09-15,111.040085
2010-09-16,110.637988
2010-09-17,110.532453
2010-09-20,110.728422
2010-09-21,111.127108
2010-09-22,111.93885
2010-09-23,112.090591
2010-09-24,111.881461
2010-09-27,111.903108
2010-09-28,112.39191
2010-09-29,112.701312
2010-09-30,112.524419
2010-10-01,112.070194
2010-10-04,112.242622
2010-10-05,112.390432
2010-10-06,112.841975
2010-10-07,113.167122
2010-10-08,113.233906
2010-10-11,113.280529
2010-10-12,113.240188
2010-10-13,112.81617
2010-10-14,112.598233
2010-10-15,111.864237
2010-10-18,111.72274
2010-10-19,112.134856
2010-10-20,112.294427
2010-10-21,112.350917
2010-10-22,112.118905
2010-10-25,112.339178
2010-10-26,112.164342
2010-10-27,111.67046
2010-10-28,111.554834
2010-10-29,111.915909
2010-11-01,111.74726
2010-11-02,111.94802
2010-11-03,112.286393
2010-11-04,112.204449
2010-11-05,112.640388
2010-11-08,112.414412
2010-11-09,112.108062
2010-11-10,111.500857
2010-11-11,111.391243
2010-11-12,111.218464
2010-11-15,110.397571
2010-11-16,109.712591
2010-11-17,110.120206
2010-11-18,110.023873
2010-11-19,110.036483
2010-11-22,110.331646
2010-11-23,110.700006
2010-11-24,110.400508
2010-11-26,109.963554
2010-11-29,110.24832
2010-11-30,110.358865
2010-12-01,109.830575
2010-12-02,108.97929
2010-12-03,108.861642
2010-12-06,108.995125
2010-12-07,109.112879
2010-12-08,108.018451
2010-12-09,107.820036
2010-12-10,107.94097
2010-12-13,107.811051
2010-12-14,107.771576
2010-12-15,106.891608
2010-12-16,106.652454
2010-12-17,107.190466
2010-12-20,108.054728
2010-12-21,108.064407
2010-12-22,108.180139
2010-12-23,108.020521
2010-12-27,108.020288
2010-12-28,107.493846
2010-12-29,107.352189
2010-12-30,107.93162
2010-12-31,108.250076
2011-01-03,108.619331
2011-01-04,108.551278
2011-01-05,108.084779
2011-01-06,107.786033
2011-01-07,108.112328
2011-01-10,108.489084
2011-01-11,108.486652
2011-01-12,108.453911
2011-01-13,108.517598
2011-01-14,108.651532
2011-01-18,108.440252
2011-01-19,108.456876
2011-01-20,108.240321
2011-01-21,108.004833
2011-01-24,108.223823
2011-01-25,108.532855
2011-01-26,108.622869
2011-01-27,108.318484
2011-01-28,108.544046
2011-01-31,108.668624
2011-02-01,107.96268
2011-02-02,107.831723
2011-02-03,107.55014
2011-02-04,107.148534
2011-02-07,106.91868
2011-02-08,107.01967
2011-02-09,106.852166
2011-02-10,107.081719
2011-02-11,106.921213
2011-02-14,107.22134
2011-02-15,107.407002
2011-02-16,107.396561
2011-02-17,107.534417
2011-02-18,107.643331
2011-02-22,107.874707
2011-02-23,108.289325
2011-02-24,108.229759
2011-02-25,108.443183
2011-02-28,108.745142
2011-03-01,108.44027
2011-03-02,108.394794
2011-03-03,107.833678
2011-03-04,107.671555
2011-03-07,107.865861
2011-03-08,107.761196
2011-03-09,107.731561
2011-03-10,108.190716
2011-03-11,108.49451
2011-03-14,108.622312
2011-03-15,108.872402
2011-03-16,108.98483
2011-03-17,109.242999
2011-03-18,109.188029
2011-03-21,109.107029
2011-03-22,108.970593
2011-03-23,108.97886
2011-03-24,108.750168
2011-03-25,108.558259
2011-03-28,108.323088
2011-03-29,108.263695
2011-03-30,108.05813
2011-03-31,108.181658
2011-04-01,107.799689
2011-04-04,108.03897
2011-04-05,108.156599
2011-04-06,107.902196
2011-04-07,107.757537
2011-04-08,107.581555
2011-04-11,107.585722
2011-04-12,107.850387
2011-04-13,108.0847
2011-04-14,108.309339
2011-04-15,108.506839
2011-04-18,108.923209
2011-04-19,109.070201
2011-04-20,109.208729
2011-04-21,109.062447
2011-04-25,109.166604
2011-04-26,109.428466
2011-04-27,109.568932
2011-04-28,109.542399
2011-04-29,109.914105
2011-05-02,109.680101
2011-05-03,109.889118
2011-05-04,110.087356
2011-05-05,110.339835
2011-05-06,110.539828
2011-05-09,110.642119
2011-05-10,110.513961
2011-05-11,110.35351
2011-05-12,110.451521
2011-05-13,110.372535
2011-05-16,110.589039
2011-05-17,110.847802
2011-05-18,110.871049
2011-05-19,110.527415
2011-05-20,110.637789
2011-05-23,110.815248
2011-05-24,110.78849
2011-05-25,110.796297
2011-05-26,110.794266
2011-05-27,111.046157
2011-05-31,111.09472
2011-06-01,111.1658
2011-06-02,111.028012
2011-06-03,110.733275
2011-06-06,110.698706
2011-06-07,110.599456
2011-06-08,110.786385
2011-06-09,110.850643
2011-06-10,110.736404
2011-06-13,110.728899
2011-06-14,110.394978
2011-06-15,110.138332
2011-06-16,110.812992
2011-06-17,110.916212
2011-06-20,110.788999
2011-06-21,110.729767
2011-06-22,110.744503
2011-06-23,110.844552
2011-06-24,111.022436
2011-06-27,110.871832
2011-06-28,110.28053
2011-06-29,109.715567
2011-06-30,109.625131
2011-07-01,109.188031
2011-07-05,109.428939
2011-07-06,109.790113
2011-07-07,109.821627
2011-07-08,110.099144
2011-07-11,110.844212
2011-07-12,111.234034
2011-07-13,111.260418
2011-07-14,111.252764
2011-07-15,110.885763
2011-07-18,110.949158
2011-07-19,110.751787
2011-07-20,111.042998
2011-07-21,110.743991
2011-07-22,110.701714
2011-07-25,110.77655
2011-07-26,110.757471
2011-07-27,111.062791
2011-07-28,111.120245
2011-07-29,111.694509
2011-08-01,112.105692
2011-08-02,112.802582
2011-08-03,113.323754
2011-08-04,113.677015
2011-08-05,112.944107
2011-08-08,113.438659
2011-08-09,113.012881
2011-08-10,113.883046
2011-08-11,111.56102
2011-08-12,112.50103
2011-08-15,112.324292
2011-08-16,112.188538
2011-08-17,112.634554
2011-08-18,113.144036
2011-08-19,113.162708
2011-08-22,112.961795
2011-08-23,112.345379
2011-08-24,110.189925
2011-08-25,110.870757
2011-08-26,111.14831
2011-08-29,111.113175
2011-08-30,111.741181
2011-08-31,112.155749
2011-09-01,111.901954
2011-09-02,112.747529
2011-09-06,113.175849
2011-09-07,112.875197
2011-09-08,112.790478
2011-09-09,112.87148
2011-09-12,112.471147
2011-09-13,112.241463
2011-09-14,111.989951
2011-09-15,111.877223
2011-09-16,111.765383
2011-09-19,112.039364
2011-09-20,112.489435
2011-09-21,112.564306
2011-09-22,113.208913
2011-09-23,113.01419
2011-09-26,111.922569
2011-09-27,111.491843
2011-09-28,111.069588
2011-09-29,111.115878
2011-09-30,111.407819
2011-10-03,111.538028
2011-10-04,111.16722
2011-10-05,110.774665
2011-10-06,110.395665
2011-10-07,110.165431
2011-10-10,110.209659
2011-10-11,110.158945
2011-10-12,110.055071
2011-10-13,110.291401
2011-10-14,110.467086
2011-10-17,110.755068
2011-10-18,111.331346
2011-10-19,111.691813
2011-10-20,112.124934
2011-10-21,112.244369
2011-10-24,112.39351
2011-10-25,112.708789
2011-10-26,113.532707
2011-10-27,112.98436
2011-10-28,112.832171
2011-10-31,113.748249
2011-11-01,114.12381
2011-11-02,114.421932
2011-11-03,114.363958
2011-11-04,114.078578
2011-11-07,114.038613
2011-11-08,113.730636
2011-11-09,113.219492
2011-11-10,112.789183
2011-11-11,112.803312
2011-11-14,112.430858
2011-11-15,112.320266
2011-11-16,112.013194
2011-11-17,111.884595
2011-11-18,111.806832
2011-11-21,111.38946
2011-11-22,111.101971
2011-11-23,111.080551
2011-11-25,111.053425
2011-11-28,110.525774
2011-11-29,110.491441
2011-11-30,110.382347
2011-12-01,109.821001
2011-12-02,110.317102
2011-12-05,111.265842
2011-12-06,111.429778
2011-12-07,111.26889
2011-12-08,111.612703
2011-12-09,111.451774
2011-12-12,111.113859
2011-12-13,111.319179
2011-12-14,111.729665
2011-12-15,112.081475
2011-12-16,112.16612
2011-12-19,112.578535
2011-12-20,112.670371
2011-12-21,112.142567
2011-12-22,111.969924
2011-12-23,111.911695
2011-12-27,111.252772
2011-12-28,111.718012
2011-12-29,112.356766
2011-12-30,112.671015
2012-01-03,112.86495
2012-01-04,112.670133
2012-01-05,112.444045
2012-01-06,112.489592
2012-01-09,112.802318
2012-01-10,112.875082
2012-01-11,113.084918
2012-01-12,113.34034
2012-01-13,113.486979
2012-01-17,113.821697
2012-01-18,114.065941
2012-01-19,113.952158
2012-01-20,113.596888
2012-01-23,113.39836
2012-01-24,113.504153
2012-01-25,113.771076
2012-01-26,114.528396
2012-01-27,114.924185
2012-01-30,115.411804
2012-01-31,115.613257
2012-02-01,115.6338
2012-02-02,115.664366
2012-02-03,115.812841
2012-02-06,115.561956
2012-02-07,115.702627
2012-02-08,115.620212
2012-02-09,115.526821
2012-02-10,115.473282
2012-02-13,115.621003
2012-02-14,115.741769
2012-02-15,115.92292
2012-02-16,115.474504
2012-02-17,115.23698
2012-02-21,115.279942
2012-02-22,115.294977
2012-02-23,115.588123
2012-02-24,115.912835
2012-02-27,116.316354
2012-02-28,116.723712
2012-02-29,116.866071
2012-03-01,116.157883
2012-03-02,116.268088
2012-03-05,116.394076
2012-03-06,116.034844
2012-03-07,115.993897
2012-03-08,115.825036
2012-03-09,115.607101
2012-03-12,115.701647
2012-03-13,115.51161
2012-03-14,114.677167
2012-03-15,114.187123
2012-03-16,114.321677
2012-03-19,114.490783
2012-03-20,113.990302
2012-03-21,114.21644
2012-03-22,114.559934
2012-03-23,114.676656
2012-03-26,114.721902
2012-03-27,114.984352
2012-03-28,115.182614
2012-03-29,115.185932
2012-03-30,115.261134
2012-04-02,114.646813
2012-04-03,114.743331
2012-04-04,114.100861
2012-04-05,114.258074
2012-04-09,114.961656
2012-04-10,115.080252
2012-04-11,115.04954
2012-04-12,115.016336
2012-04-13,115.226777
2012-04-16,115.442104
2012-04-17,115.394542
2012-04-18,115.498176
2012-04-19,115.587855
2012-04-20,115.506611
2012-04-23,115.489506
2012-04-24,115.610588
2012-04-25,115.433616
2012-04-26,115.657255
2012-04-27,115.849297
2012-04-30,116.038605
2012-05-01,115.209955
2012-05-02,115.768403
2012-05-03,115.981923
2012-05-04,116.084531
2012-05-07,116.253007
2012-05-08,116.350627
2012-05-09,116.352253
2012-05-10,116.109135
2012-05-11,116.212512
2012-05-14,116.426662
2012-05-15,116.313936
2012-05-16,115.985924
2012-05-17,115.711464
2012-05-18,115.50092
2012-05-21,115.201476
2012-05-22,115.001788
2012-05-23,115.080996
2012-05-24,115.165861
2012-05-25,115.152578
2012-05-29,115.379129
2012-05-30,115.749519
2012-05-31,116.165436
2012-06-01,116.171913
2012-06-04,116.138021
2012-06-05,115.764728
2012-06-06,115.609735
2012-06-07,115.566931
2012-06-08,115.891512
2012-06-11,115.894168
2012-06-12,115.723131
2012-06-13,115.428383
2012-06-14,115.768506
2012-06-15,116.107869
2012-06-18,116.423037
2012-06-19,116.486176
2012-06-20,116.372682
2012-06-21,116.661421
2012-06-22,116.775514
2012-06-25,116.802021
2012-06-26,116.870296
2012-06-27,116.879251
2012-06-28,117.028046
2012-06-29,117.032033
2012-07-02,117.193033
2012-07-03,117.290333
2012-07-05,117.330528
2012-07-06,117.514376
2012-07-09,117.918603
2012-07-10,118.143142
2012-07-11,118.367669
2012-07-12,118.585858
2012-07-13,118.866375
2012-07-16,119.189838
2012-07-17,119.402181
2012-07-18,119.782863
2012-07-19,119.988005
2012-07-20,120.085693
2012-07-23,120.250256
2012-07-24,120.217102
2012-07-25,120.415661
2012-07-26,120.538819
2012-07-27,120.374332
2012-07-30,120.170952
2012-07-31,120.600124
2012-08-01,120.297385
2012-08-02,120.111291
2012-08-03,120.012173
2012-08-06,120.009621
2012-08-07,119.9291
2012-08-08,119.576712
2012-08-09,119.329909
2012-08-10,119.534466
2012-08-13,119.636813
2012-08-14,119.353862
2012-08-15,118.61843
2012-08-16,118.205143
2012-08-17,118.074594
2012-08-20,118.161091
2012-08-21,118.354593
2012-08-22,118.747839
2012-08-23,119.327406
2012-08-24,119.521535
2012-08-27,119.532398
2012-08-28,119.819141
2012-08-29,119.801667
2012-08-30,119.723411
2012-08-31,119.86633
2012-09-04,120.033323
2012-09-05,119.945252
2012-09-06,119.670445
2012-09-07,119.70677
2012-09-10,119.65446
2012-09-11,119.744531
2012-09-12,119.595949
2012-09-13,119.518436
2012-09-14,119.477317
2012-09-17,119.464836
2012-09-18,119.846493
2012-09-19,120.056576
2012-09-20,120.260424
2012-09-21,120.127409
2012-09-24,120.4405
2012-09-25,120.60471
2012-09-26,120.825804
2012-09-27,121.021634
2012-09-28,121.175883
2012-10-01,120.959654
2012-10-02,121.153161
2012-10-03,121.326126
2012-10-04,121.413591
2012-10-05,121.211465
2012-10-08,121.253238
2012-10-09,121.175515
2012-10-10,121.207832
2012-10-11,121.560106
2012-10-12,121.996466
2012-10-15,122.275704
2012-10-16,122.368232
2012-10-17,122.279878
2012-10-18,122.170854
2012-10-19,122.060173
2012-10-22,121.948114
2012-10-23,121.775586
2012-10-24,121.798861
2012-10-25,121.512662
2012-10-26,121.68009
2012-10-31,122.185564
2012-11-01,121.93472
2012-11-02,121.758682
2012-11-05,121.792098
2012-11-06,121.536479
2012-11-07,121.599084
2012-11-08,121.637461
2012-11-09,121.860277
2012-11-12,121.902438
2012-11-13,121.910887
2012-11-14,121.848422
2012-11-15,121.730572
2012-11-16,121.667933
2012-11-19,121.628023
2012-11-20,121.391236
2012-11-21,121.156213
2012-11-23,121.135629
2012-11-26,121.344721
2012-11-27,121.515442
2012-11-28,121.646895
2012-11-29,121.661462
2012-11-30,121.665989
2012-12-03,121.269095
2012-12-04,121.4673
2012-12-05,121.689599
2012-12-06,121.830009
2012-12-07,121.580704
2012-12-10,121.552769
2012-12-11,121.365556
2012-12-12,121.154537
2012-12-13,121.006991
2012-12-14,121.092821
2012-12-17,120.881228
2012-12-18,120.406514
2012-12-19,120.725632
2012-12-20,120.913322
2012-12-21,121.107311
2012-12-24,121.08314
2012-12-26,120.75517
2012-12-27,121.18591
2012-12-28,121.322896
2012-12-31,121.004149
2013-01-02,120.739558
2013-01-03,120.634392
2013-01-04,120.338133
2013-01-07,120.639261
2013-01-08,120.823276
2013-01-09,120.82702
2013-01-10,120.704277
2013-01-11,120.753488
2013-01-14,120.88718
2013-01-15,120.783457
2013-01-16,120.778392
2013-01-17,120.371614
2013-01-18,120.542034
2013-01-22,120.667373
2013-01-23,120.721024
2013-01-24,120.676026
2013-01-25,120.080796
2013-01-28,119.790749
2013-01-29,119.632503
2013-01-30,119.319752
2013-01-31,119.445148
2013-02-01,119.051796
2013-02-04,119.171441
2013-02-05,118.889907
2013-02-06,119.102704
2013-02-07,119.29768
2013-02-08,119.210707
2013-02-11,119.308367
2013-02-12,119.130604
2013-02-13,118.904875
2013-02-14,119.165591
2013-02-15,119.241655
2013-02-19,119.194365
2013-02-20,119.086168
2013-02-21,119.423618
2013-02-22,119.52728
2013-02-25,120.124943
2013-02-26,120.209891
2013-02-27,120.144254
2013-02-28,120.068089
2013-03-01,119.873389
2013-03-04,119.832439
2013-03-05,119.713874
2013-03-06,119.491762
2013-03-07,119.114057
2013-03-08,118.804649
2013-03-11,118.713772
2013-03-12,118.964593
2013-03-13,118.984654
2013-03-14,118.92391
2013-03-15,119.069655
2013-03-18,119.321985
2013-03-19,119.714373
2013-03-20,119.397445
2013-03-21,119.375545
2013-03-22,119.419005
2013-03-25,119.475048
2013-03-26,119.362424
2013-03-27,119.647176
2013-03-28,119.579404
2013-04-01,119.437612
2013-04-02,119.302754
2013-04-03,119.827525
2013-04-04,120.371779
2013-04-05,121.152576
2013-04-08,121.016852
2013-04-09,121.076888
2013-04-10,120.797728
2013-04-11,120.843798
2013-04-12,121.371586
2013-04-15,121.466143
2013-04-16,121.294261
2013-04-17,121.495874
2013-04-18,121.550742
2013-04-19,121.465863
2013-04-22,121.601784
2013-04-23,121.6572
2013-04-24,121.771604
2013-04-25,121.51919
2013-04-26,121.981606
2013-04-29,122.049205
2013-04-30,121.887463
2013-05-01,121.947582
2013-05-02,121.922909
2013-05-03,121.02005
2013-05-06,120.917899
2013-05-07,120.945782
2013-05-08,121.091877
2013-05-09,121.163263
2013-05-10,120.250756
2013-05-13,119.998158
2013-05-14,119.889741
2013-05-15,119.834776
2013-05-16,120.506849
2013-05-17,119.824842
2013-05-20,119.809486
2013-05-21,119.94308
2013-05-22,119.502876
2013-05-23,119.338007
2013-05-24,119.460449
2013-05-28,118.414975
2013-05-29,118.325591
2013-05-30,118.447934
2013-05-31,117.654874
2013-06-03,117.622174
2013-06-04,117.393557
2013-06-05,117.0724
2013-06-06,117.213402
2013-06-07,116.710937
2013-06-10,116.301748
2013-06-11,115.998472
2013-06-12,115.981549
2013-06-13,116.086066
2013-06-14,116.647167
2013-06-17,116.456157
2013-06-18,116.270505
2013-06-19,115.604297
2013-06-20,113.917065
2013-06-21,113.192262
2013-06-24,112.439977
2013-06-25,112.033059
2013-06-26,112.699263
2013-06-27,113.25422
2013-06-28,113.29439
2013-07-01,113.434419
2013-07-02,113.716522
2013-07-03,113.588328
2013-07-05,112.208692
2013-07-08,112.899073
2013-07-09,113.105252
2013-07-10,113.127214
2013-07-11,113.827835
2013-07-12,113.902892
2013-07-15,114.071108
2013-07-16,114.433031
2013-07-17,114.696567
2013-07-18,114.50092
2013-07-19,114.931698
2013-07-22,115.180683
2013-07-23,115.156831
2013-07-24,114.531188
2013-07-25,114.17328
2013-07-26,114.578291
2013-07-29,114.365677
2013-07-30,114.325058
2013-07-31,114.02531
2013-08-01,113.298315
2013-08-02,113.886048
2013-08-05,113.609939
2013-08-06,113.58281
2013-08-07,113.93632
2013-08-08,114.02037
2013-08-09,113.955123
2013-08-12,113.756484
2013-08-13,112.957302
2013-08-14,112.950043
2013-08-15,112.467214
2013-08-16,111.580936
2013-08-19,111.308889
2013-08-20,111.674367
2013-08-21,111.464451
2013-08-22,111.281579
2013-08-23,111.953618
2013-08-26,112.27042
2013-08-27,113.044915
2013-08-28,112.492775
2013-08-29,112.913273
2013-08-30,113.124362
2013-09-03,112.095971
2013-09-04,111.700103
2013-09-05,110.879921
2013-09-06,111.105257
2013-09-09,111.383876
2013-09-10,111.026083
2013-09-11,111.234329
2013-09-12,111.491412
2013-09-13,111.371888
2013-09-16,111.593423
2013-09-17,111.802655
2013-09-18,112.390632
2013-09-19,112.748006
2013-09-20,113.010667
2013-09-23,113.083427
2013-09-24,113.629155
2013-09-25,113.771178
2013-09-26,113.540329
2013-09-27,113.679177
2013-09-30,113.39413
2013-10-01,113.050085
2013-10-02,113.260838
2013-10-03,113.470107
2013-10-04,113.223542
2013-10-07,113.513464
2013-10-08,113.475075
2013-10-09,113.414734
2013-10-10,113.256547
2013-10-11,113.546296
2013-10-14,113.587005
2013-10-15,113.340705
2013-10-16,113.842263
2013-10-17,114.570434
2013-10-18,114.76308
2013-10-21,114.592494
2013-10-22,115.259031
2013-10-23,115.546705
2013-10-24,115.226669
2013-10-25,115.298507
2013-10-28,115.296954
2013-10-29,115.380205
2013-10-30,115.239501
2013-10-31,115.182568
2013-11-01,114.341759
2013-11-04,114.449504
2013-11-05,114.072996
2013-11-06,114.013502
2013-11-07,114.315812
2013-11-08,113.231981
2013-11-11,113.272437
2013-11-12,113.068141
2013-11-13,113.426012
2013-11-14,113.900898
2013-11-15,114.047389
2013-11-18,114.464845
2013-11-19,114.185221
2013-11-20,113.815604
2013-11-21,113.72463
2013-11-22,114.147982
2013-11-25,114.339502
2013-11-26,114.707091
2013-11-27,114.362936
2013-11-29,114.420375
2013-12-02,113.763097
2013-12-03,113.902784
2013-12-04,113.400522
2013-12-05,113.399114
2013-12-06,113.272502
2013-12-09,113.588286
2013-12-10,114.09527
2013-12-11,113.92406
2013-12-12,113.769803
2013-12-13,113.97326
2013-12-16,113.977466
2013-12-17,114.331878
2013-12-18,114.460651
2013-12-19,114.081024
2013-12-20,114.514045
2013-12-23,114.426162
2013-12-24,114.069661
2013-12-26,113.668207
2013-12-27,113.623877
2013-12-30,114.085278
2013-12-31,113.621889
2014-01-02,114.18034
2014-01-03,114.129531
2014-01-06,114.488306
2014-01-07,114.526927
2014-01-08,114.000667
2014-01-09,114.218203
2014-01-10,115.008664
2014-01-13,115.273827
2014-01-14,114.905008
2014-01-15,114.783223
2014-01-16,115.110038
2014-01-17,115.171512
2014-01-21,115.274007
2014-01-22,114.972642
2014-01-23,115.489797
2014-01-24,115.320888
2014-01-27,115.248456
2014-01-28,115.362277
2014-01-29,115.712012
2014-01-30,115.740295
2014-01-31,115.858636
2014-02-03,116.001261
2014-02-04,115.857793
2014-02-05,115.470573
2014-02-06,115.387852
2014-02-07,115.693615
2014-02-10,115.725753
2014-02-11,115.494474
2014-02-12,115.367973
2014-02-13,115.918084
2014-02-14,115.965306
2014-02-18,116.346799
2014-02-19,116.075033
2014-02-20,115.792423
2014-02-21,116.114332
2014-02-24,116.099858
2014-02-25,116.55451
2014-02-26,116.907358
2014-02-27,116.979794
2014-02-28,117.024841
2014-03-03,117.062409
2014-03-04,116.603028
2014-03-05,116.482236
2014-03-06,116.073808
2014-03-07,115.571066
2014-03-10,115.578349
2014-03-11,115.688306
2014-03-12,115.882337
2014-03-13,116.319871
2014-03-14,116.345758
2014-03-17,116.082905
2014-03-18,116.260459
2014-03-19,115.789796
2014-03-20,115.735727
2014-03-21,116.154947
2014-03-24,116.406577
2014-03-25,116.516989
2014-03-26,116.83512
2014-03-27,117.07832
2014-03-28,116.763198
2014-03-31,116.755425
2014-04-01,116.299876
2014-04-02,115.989954
2014-04-03,116.210286
2014-04-04,116.675716
2014-04-07,117.089402
2014-04-08,117.177081
2014-04-09,117.186799
2014-04-10,117.748901
2014-04-11,117.743436
2014-04-14,117.719977
2014-04-15,117.828697
2014-04-16,117.730205
2014-04-17,117.179793
2014-04-21,117.286335
2014-04-22,117.295117
2014-04-23,117.648733
2014-04-24,117.664665
2014-04-25,117.855067
2014-04-28,117.611204
2014-04-29,117.616478
2014-04-30,117.824506
2014-05-01,118.069932
2014-05-02,118.280927
2014-05-05,118.096221
2014-05-06,118.212943
2014-05-07,118.253488
2014-05-08,118.372055
2014-05-09,118.008242
2014-05-12,117.812441
2014-05-13,118.261398
2014-05-14,118.898993
2014-05-15,119.071164
2014-05-16,119.036917
2014-05-19,118.851399
2014-05-20,118.964048
2014-05-21,118.669614
2014-05-22,118.434954
2014-05-23,118.670149
2014-05-27,118.936707
2014-05-28,119.685633
2014-05-29,119.487162
2014-05-30,119.390444
2014-06-02,118.395088
2014-06-03,118.099167
2014-06-04,117.858829
2014-06-05,118.157278
2014-06-06,118.184942
2014-06-09,118.11523
2014-06-10,117.954298
2014-06-11,117.994048
2014-06-12,118.453251
2014-06-13,118.356023
2014-06-16,118.432044
2014-06-17,118.076079
2014-06-18,118.374456
2014-06-19,118.279106
2014-06-20,118.285176
2014-06-23,118.520689
2014-06-24,118.802896
2014-06-25,119.037954
2014-06-26,119.197194
2014-06-27,119.083946
2014-06-30,119.170646
2014-07-01,118.447859
2014-07-02,117.966456
2014-07-03,117.794862
2014-07-07,118.086918
2014-07-08,118.529014
2014-07-09,118.366778
2014-07-10,118.638331
2014-07-11,118.847954
2014-07-14,118.631357
2014-07-15,118.71146
2014-07-16,118.737524
2014-07-17,119.254849
2014-07-18,119.074431
2014-07-21,119.210242
2014-07-22,119.251778
2014-07-23,119.337403
2014-07-24,118.981336
2014-07-25,119.332862
2014-07-28,119.183379
2014-07-29,119.511418
2014-07-30,118.924691
2014-07-31,118.576228
2014-08-01,118.404749
2014-08-04,118.598321
2014-08-05,118.638625
2014-08-06,118.641664
2014-08-07,118.949261
2014-08-08,118.901632
2014-08-11,119.010829
2014-08-12,118.767787
2014-08-13,119.05971
2014-08-14,119.270969
2014-08-15,119.848175
2014-08-18,119.376628
2014-08-19,119.366633
2014-08-20,119.084186
2014-08-21,119.519661
2014-08-22,119.682682
2014-08-25,119.750949
2014-08-26,119.83465
2014-08-27,120.072175
2014-08-28,120.36028
2014-08-29,120.551198
2014-09-02,119.510421
2014-09-03,119.372047
2014-09-04,119.017855
2014-09-05,118.96354
2014-09-08,118.792303
2014-09-09,118.593363
2014-09-10,118.204923
2014-09-11,118.263269
2014-09-12,117.562609
2014-09-15,117.657362
2014-09-16,117.598113
2014-09-17,117.64643
2014-09-18,117.373413
2014-09-19,117.853582
2014-09-22,118.10661
2014-09-23,118.243009
2014-09-24,117.910764
2014-09-25,118.296975
2014-09-26,117.881577
2014-09-29,118.059818
2014-09-30,118.051826
2014-10-01,118.373322
2014-10-02,118.431478
2014-10-03,118.516508
2014-10-06,118.834732
2014-10-07,119.436556
2014-10-08,119.425152
2014-10-09,119.413685
2014-10-10,119.390854
2014-10-13,119.429387
2014-10-14,120.003877
2014-10-15,121.120126
2014-10-16,120.042792
2014-10-17,119.969759
2014-10-20,120.114302
2014-10-21,120.111899
2014-10-22,119.979166
2014-10-23,119.38436
2014-10-24,119.550538
2014-10-27,119.55895
2014-10-28,119.392894
2014-10-29,119.050453
2014-10-30,119.181774
2014-10-31,119.087682
2014-11-03,118.677266
2014-11-04,118.615987
2014-11-05,118.424425
2014-11-06,118.243994
2014-11-07,118.622979
2014-11-10,118.352573
2014-11-11,118.365599
2014-11-12,118.272642
2014-11-13,118.395023
2014-11-14,118.50321
2014-11-17,118.183186
2014-11-18,118.062773
2014-11-19,117.76436
2014-11-20,117.996347
2014-11-21,118.415526
2014-11-24,118.678851
2014-11-25,119.126993
2014-11-26,119.460936
2014-11-28,119.919366
2014-12-01,119.108944
2014-12-02,118.486483
2014-12-03,118.427452
2014-12-04,118.657943
2014-12-05,118.328775
2014-12-08,118.77855
2014-12-09,118.934191
2014-12-10,119.16119
2014-12-11,118.998586
2014-12-12,119.431032
2014-12-15,119.288284
2014-12-16,119.180466
2014-12-17,119.053531
2014-12-18,118.668051
2014-12-19,119.003778
2014-12-22,119.327018
2014-12-23,118.747359
2014-12-24,118.310642
2014-12-26,118.448304
2014-12-29,118.854177
2014-12-30,119.14904
2014-12-31,119.202723
2015-01-02,119.675234
2015-01-05,120.334083
2015-01-06,120.919557
2015-01-07,120.87074
2015-01-08,120.464695
2015-01-09,120.819305
2015-01-12,121.455406
2015-01-13,121.453067
2015-01-14,121.535161
2015-01-15,121.925499
2015-01-16,121.494488
2015-01-20,121.709589
2015-01-21,121.493338
2015-01-22,121.252717
2015-01-23,122.020075
2015-01-26,121.92835
2015-01-27,122.043051
2015-01-28,122.856339
2015-01-29,122.560222
2015-01-30,123.215914
2015-02-02,123.056488
2015-02-03,122.281529
2015-02-04,122.209559
2015-02-05,122.150911
2015-02-06,121.251063
2015-02-09,121.263841
2015-02-10,120.934498
2015-02-11,120.882829
2015-02-12,120.917666
2015-02-13,120.699531
2015-02-17,119.857657
2015-02-18,120.619737
2015-02-19,120.363205
2015-02-20,120.41326
2015-02-23,120.801129
2015-02-24,121.608666
2015-02-25,121.902921
2015-02-26,121.632221
2015-02-27,121.421938
2015-03-02,120.610596
2015-03-03,120.33605
2015-03-04,120.258596
2015-03-05,120.458388
2015-03-06,119.392725
2015-03-09,119.675373
2015-03-10,120.094223
2015-03-11,120.383329
2015-03-12,120.384679
2015-03-13,120.000554
2015-03-16,120.046229
2015-03-17,120.125213
2015-03-18,120.990783
2015-03-19,121.017692
2015-03-20,121.4746
2015-03-23,121.60279
2015-03-24,122.009922
2015-03-25,121.621125
2015-03-26,120.86616
2015-03-27,121.327157
2015-03-30,121.375787
2015-03-31,121.572869
2015-04-01,121.898311
2015-04-02,121.694992
2015-04-06,121.577913
2015-04-07,121.994335
2015-04-08,122.084116
2015-04-09,121.492458
2015-04-10,121.609718
2015-04-13,121.70182
2015-04-14,122.126673
2015-04-15,122.027744
2015-04-16,122.135808
2015-04-17,122.43945
2015-04-20,121.960074
2015-04-21,121.880035
2015-04-22,121.4121
2015-04-23,121.473709
2015-04-24,121.606793
2015-04-27,121.720928
2015-04-28,121.129846
2015-04-29,120.250143
2015-04-30,119.818259
2015-05-01,118.951266
2015-05-04,118.905413
2015-05-05,118.517107
2015-05-06,117.979707
2015-05-07,118.296066
2015-05-08,118.65247
2015-05-11,117.721324
2015-05-12,117.653946
2015-05-13,117.515466
2015-05-14,117.710179
2015-05-15,118.757334
2015-05-18,118.042594
2015-05-19,117.680823
2015-05-20,117.594784
2015-05-21,117.982382
2015-05-22,117.745317
2015-05-26,118.483958
2015-05-27,118.528397
2015-05-28,118.508115
2015-05-29,118.659207
2015-06-01,117.45109
2015-06-02,116.714409
2015-06-03,116.085508
2015-06-04,116.629646
2015-06-05,115.933899
2015-06-08,116.100642
2015-06-09,115.639046
2015-06-10,115.138154
2015-06-11,115.89325
2015-06-12,115.921931
2015-06-15,115.888109
2015-06-16,116.147811
2015-06-17,116.081682
2015-06-18,115.699292
2015-06-19,116.342935
2015-06-22,115.709868
2015-06-23,115.390417
2015-06-24,115.689794
2015-06-25,115.486152
2015-06-26,114.892173
2015-06-29,115.704784
2015-06-30,115.887337
2015-07-01,114.850436
2015-07-02,115.220292
2015-07-06,116.201639
2015-07-07,116.634756
2015-07-08,116.688013
2015-07-09,115.833132
2015-07-10,114.831916
2015-07-13,114.778758
2015-07-14,114.852272
2015-07-15,115.221835
2015-07-16,115.224339
2015-07-17,115.489454
2015-07-20,115.251093
2015-07-21,115.440194
2015-07-22,115.60303
2015-07-23,115.932304
2015-07-24,115.933291
2015-07-27,116.016277
2015-07-28,115.798999
2015-07-29,115.726153
2015-07-30,115.782491
2015-07-31,116.23997
2015-08-03,116.454113
2015-08-04,115.864329
2015-08-05,115.3926
2015-08-06,115.516574
2015-08-07,116.037067
2015-08-10,115.372135
2015-08-11,116.111782
2015-08-12,115.749492
2015-08-13,115.396862
2015-08-14,115.403798
2015-08-17,115.801304
2015-08-18,115.369433
2015-08-19,115.640113
2015-08-20,116.028168
2015-08-21,116.173122
2015-08-24,115.895946
2015-08-25,115.108457
2015-08-26,114.671457
2015-08-27,115.070244
2015-08-28,115.227803
2015-08-31,115.067274
2015-09-01,114.916061
2015-09-02,114.828945
2015-09-03,115.149429
2015-09-04,115.728175
2015-09-08,115.294502
2015-09-09,115.715597
2015-09-10,115.171249
2015-09-11,115.531609
2015-09-14,115.517597
2015-09-15,114.691127
2015-09-16,114.662223
2015-09-17,115.575339
2015-09-18,116.244036
2015-09-21,115.573713
2015-09-22,116.256863
2015-09-23,116.086387
2015-09-24,116.209854
2015-09-25,115.760294
2015-09-28,116.089071
2015-09-29,116.002405
2015-09-30,115.794724
2015-10-01,115.500585
2015-10-02,115.591888
2015-10-05,115.393848
2015-10-06,115.814772
2015-10-07,116.024132
2015-10-08,115.809176
2015-10-09,115.949866
2015-10-12,115.986956
2015-10-13,116.264253
2015-10-14,116.884878
2015-10-15,116.539169
2015-10-16,116.59893
2015-10-19,116.588979
2015-10-20,116.332035
2015-10-21,116.892297
2015-10-22,117.232717
2015-10-23,116.614038
2015-10-26,117.195079
2015-10-27,117.423049
2015-10-28,116.874434
2015-10-29,116.163316
2015-10-30,116.256372
2015-11-02,115.813671
2015-11-03,115.491836
2015-11-04,115.442061
2015-11-05,115.427638
2015-11-06,114.721399
2015-11-09,114.736095
2015-11-10,114.941878
2015-11-11,114.954419
2015-11-12,114.71185
2015-11-13,115.010319
2015-11-16,115.010399
2015-11-17,115.180082
2015-11-18,115.152474
2015-11-19,115.548224
2015-11-20,115.446898
2015-11-23,115.555013
2015-11-24,115.54931
2015-11-25,115.638438
2015-11-27,115.714376
2015-11-30,115.775181
2015-12-01,116.086706
2015-12-02,116.053038
2015-12-03,114.615504
2015-12-04,115.155228
2015-12-07,115.614174
2015-12-08,115.2251
2015-12-09,115.454907
2015-12-10,115.10392
2015-12-11,115.619549
2015-12-14,114.339006
2015-12-15,114.018175
2015-12-16,114.136805
2015-12-17,114.504367
2015-12-18,114.654284
2015-12-21,114.625366
2015-12-22,114.301236
2015-12-23,114.124587
2015-12-24,114.048053
2015-12-28,114.279588
2015-12-29,113.64893
2015-12-30,113.71086
2015-12-31,114.008112
2016-01-04,114.135514
2016-01-05,114.011488
2016-01-06,114.537728
2016-01-07,114.544603
2016-01-08,114.743833
2016-01-11,114.357508
2016-01-12,114.811021
2016-01-13,115.014478
2016-01-14,114.261148
2016-01-15,114.253133
2016-01-19,114.139838
2016-01-20,113.850106
2016-01-21,113.51573
2016-01-22,113.511402
2016-01-25,113.694722
2016-01-26,113.772482
2016-01-27,113.594948
2016-01-28,113.572963
2016-01-29,113.926144
2016-02-01,113.153409
2016-02-02,113.759209
2016-02-03,113.381065
2016-02-04,113.46082
2016-02-05,113.572488
2016-02-08,114.16139
2016-02-09,113.736409
2016-02-10,114.012753
2016-02-11,113.882644
2016-02-12,113.051057
2016-02-16,113.022346
2016-02-17,112.860216
2016-02-18,113.576019
2016-02-19,113.784629
2016-02-22,113.844958
2016-02-23,114.144245
2016-02-24,114.183542
2016-02-25,114.669595
2016-02-26,114.31106
2016-02-29,114.798258
2016-03-01,113.916602
2016-03-02,114.110254
2016-03-03,114.488765
2016-03-04,114.379982
2016-03-07,114.576979
2016-03-08,115.386158
2016-03-09,115.06998
2016-03-10,115.188479
2016-03-11,115.370413
2016-03-14,115.986197
2016-03-15,116.241941
2016-03-16,116.292705
2016-03-17,116.908213
2016-03-18,117.33563
2016-03-21,117.047803
2016-03-22,117.221795
2016-03-23,117.771694
2016-03-24,117.483272
2016-03-28,117.649611
2016-03-29,118.169186
2016-03-30,118.004722
2016-03-31,118.447599
2016-04-01,118.159092
2016-04-04,118.403092
2016-04-05,118.886755
2016-04-06,118.669077
2016-04-07,119.233376
2016-04-08,118.926337
2016-04-11,118.963042
2016-04-12,118.514149
2016-04-13,118.950846
2016-04-14,118.963636
2016-04-15,119.372136
2016-04-18,119.200932
2016-04-19,119.473219
2016-04-20,119.10937
2016-04-21,119.269463
2016-04-22,119.361394
2016-04-25,119.243118
2016-04-26,119.048687
2016-04-27,119.654175
2016-04-28,119.8073
2016-04-29,120.008573
2016-05-02,119.278714
2016-05-03,119.664191
2016-05-04,119.588073
2016-05-05,119.871094
2016-05-06,119.414159
2016-05-09,119.499244
2016-05-10,119.55458
2016-05-11,119.818963
2016-05-12,119.4097
2016-05-13,119.850392
2016-05-16,119.377086
2016-05-17,119.336828
2016-05-18,118.287591
2016-05-19,118.574613
2016-05-20,118.519462
2016-05-23,118.560811
2016-05-24,118.518121
2016-05-25,118.526229
2016-05-26,119.196544
2016-05-27,119.013978
2016-05-31,119.217946
2016-06-01,118.78756
2016-06-02,119.132768
2016-06-03,119.954316
2016-06-06,119.829899
2016-06-07,120.063268
2016-06-08,120.317362
2016-06-09,120.543667
2016-06-10,120.69256
2016-06-13,120.646109
2016-06-14,120.299896
2016-06-15,120.524454
2016-06-16,120.637529
2016-06-17,120.269902
2016-06-20,120.291409
2016-06-21,120.168129
2016-06-22,120.386827
2016-06-23,120.089383
2016-06-24,120.834154
2016-06-27,121.56966
2016-06-28,121.71787
2016-06-29,121.960421
2016-06-30,122.166258
2016-07-01,122.330391
2016-07-05,123.173513
2016-07-06,123.140096
2016-07-07,123.384413
2016-07-08,123.909082
2016-07-11,123.731987
2016-07-12,123.268404
2016-07-13,123.752836
2016-07-14,123.263423
2016-07-15,122.719836
2016-07-18,122.819462
2016-07-19,123.068011
2016-07-20,122.873843
2016-07-21,123.014922
2016-07-22,123.115947
2016-07-25,123.03157
2016-07-26,122.910381
2016-07-27,123.296645
2016-07-28,123.23579
2016-07-29,123.609427
2016-08-01,122.810893
2016-08-02,122.211587
2016-08-03,122.15667
2016-08-04,122.696151
2016-08-05,122.166358
2016-08-08,122.409855
2016-08-09,122.994056
2016-08-10,123.393458
2016-08-11,122.76974
2016-08-12,123.336328
2016-08-15,123.077754
2016-08-16,122.910212
2016-08-17,123.174985
2016-08-18,123.493539
2016-08-19,123.229132
2016-08-22,123.703416
2016-08-23,123.769755
2016-08-24,123.768955
2016-08-25,123.550561
2016-08-26,123.039663
2016-08-29,123.819945
2016-08-30,123.68253
2016-08-31,123.580921
2016-09-01,123.258771
2016-09-02,122.920652
2016-09-06,123.431381
2016-09-07,123.29989
2016-09-08,122.422844
2016-09-09,121.724777
2016-09-12,121.623511
2016-09-13,120.882025
2016-09-14,121.323582
2016-09-15,121.205024
2016-09-16,121.303232
2016-09-19,121.474523
2016-09-20,121.625929
2016-09-21,121.875977
2016-09-22,122.457461
2016-09-23,122.738649
2016-09-26,122.893406
2016-09-27,123.082526
2016-09-28,123.052374
2016-09-29,123.235878
2016-09-30,122.764495
2016-10-03,122.433775
2016-10-04,121.863165
2016-10-05,121.716681
2016-10-06,121.685259
2016-10-07,121.804597
2016-10-10,121.840855
2016-10-11,121.664821
2016-10-12,121.605046
2016-10-13,121.966963
2016-10-14,121.413756
2016-10-17,121.815092
2016-10-18,122.0424
2016-10-19,122.15218
2016-10-20,122.210152
2016-10-21,122.12187
2016-10-24,121.872828
2016-10-25,121.916556
2016-10-26,121.440397
2016-10-27,120.828444
2016-10-28,120.797411
2016-10-31,120.846101
2016-11-01,120.542415
2016-11-02,120.501655
2016-11-03,120.297453
2016-11-04,120.535529
2016-11-07,120.420058
2016-11-08,120.208788
2016-11-09,118.480491
2016-11-10,118.528983
2016-11-11,118.541055
2016-11-14,117.553859
2016-11-15,117.521155
2016-11-16,117.70282
2016-11-17,117.167858
2016-11-18,116.612964
2016-11-21,116.526988
2016-11-22,116.705903
2016-11-23,116.521961
2016-11-25,116.640401
2016-11-28,116.96495
2016-11-29,117.193951
2016-11-30,116.786922
2016-12-01,116.002914
2016-12-02,116.471621
2016-12-05,116.533468
2016-12-06,116.455705
2016-12-07,117.01513
2016-12-08,116.642928
2016-12-09,116.054028
2016-12-12,116.047882
2016-12-13,116.210996
2016-12-14,115.973218
2016-12-15,115.771416
2016-12-16,115.509457
2016-12-19,116.091857
2016-12-20,115.876766
2016-12-21,116.183796
2016-12-22,115.870275
2016-12-23,116.009091
2016-12-27,115.810338
2016-12-28,116.411052
2016-12-29,116.668096
2016-12-30,116.909273
2017-01-03,117.117956
2017-01-04,117.250141
2017-01-05,118.000219
2017-01-06,117.47691
2017-01-09,117.789231
2017-01-10,117.684321
2017-01-11,117.763009
2017-01-12,117.7685
2017-01-13,117.673044
2017-01-17,118.145835
2017-01-18,117.542239
2017-01-19,117.056455
2017-01-20,117.067471
2017-01-23,117.62674
2017-01-24,117.026647
2017-01-25,116.682826
2017-01-26,116.879723
2017-01-27,117.156508
2017-01-30,117.006091
2017-01-31,117.111454
2017-02-01,116.610801
2017-02-02,116.678846
2017-02-03,116.604111
2017-02-06,117.247904
2017-02-07,117.455663
2017-02-08,117.77369
2017-02-09,117.307007
2017-02-10,117.24992
2017-02-13,117.239506
2017-02-14,116.990616
2017-02-15,116.766265
2017-02-16,117.278326
2017-02-17,117.457481
2017-02-21,117.508336
2017-02-22,117.577653
2017-02-23,117.886393
2017-02-24,118.558124
2017-02-27,118.214631
2017-02-28,118.418728
2017-03-01,117.230496
2017-03-02,117.127643
2017-03-03,117.19454
2017-03-06,117.101975
2017-03-07,116.777843
2017-03-08,116.250497
2017-03-09,115.594854
2017-03-10,115.804158
2017-03-13,115.57369
2017-03-14,115.567543
2017-03-15,116.385138
2017-03-16,116.422933
2017-03-17,116.618643
2017-03-20,116.847819
2017-03-21,117.19222
2017-03-22,117.489955
2017-03-23,117.36291
2017-03-24,117.594946
2017-03-27,117.76284
2017-03-28,117.520046
2017-03-29,117.827659
2017-03-30,117.563925
2017-03-31,117.698587
2017-04-03,117.76623
2017-04-04,117.704275
2017-04-05,117.728366
2017-04-06,117.865041
2017-04-07,117.6677
2017-04-10,117.860384
2017-04-11,118.441514
2017-04-12,118.457757
2017-04-13,118.887108
2017-04-17,118.696671
2017-04-18,119.391193
2017-04-19,119.152141
2017-04-20,118.819136
2017-04-21,118.895584
2017-04-24,118.737761
2017-04-25,118.283931
2017-04-26,118.502633
2017-04-27,118.62972
2017-04-28,118.764089
2017-05-01,118.032863
2017-05-02,118.430218
2017-05-03,118.458479
2017-05-04,118.032007
2017-05-05,118.12211
2017-05-08,117.978053
2017-05-09,117.8654
2017-05-10,117.947244
2017-05-11,118.135836
2017-05-12,118.73898
2017-05-15,118.73743
2017-05-16,118.949266
2017-05-17,119.814707
2017-05-18,119.574851
2017-05-19,119.631487
2017-05-22,119.631103
2017-05-23,119.323387
2017-05-24,119.464844
2017-05-25,119.54871
2017-05-26,119.62444
2017-05-30,119.915678
2017-05-31,120.126784
2017-06-01,119.652106
2017-06-02,120.269043
2017-06-05,120.047876
2017-06-06,120.348931
2017-06-07,120.128722
2017-06-08,119.980185
2017-06-09,119.961407
2017-06-12,119.868582
2017-06-13,119.975628
2017-06-14,120.769569
2017-06-15,120.577138
2017-06-16,120.650794
2017-06-19,120.527504
2017-06-20,120.894355
2017-06-21,120.971701
2017-06-22,120.94539
2017-06-23,121.070563
2017-06-26,121.285487
2017-06-27,120.821056
2017-06-28,120.726973
2017-06-29,120.439544
2017-06-30,120.258171
2017-07-03,119.647559
2017-07-05,119.852373
2017-07-06,119.592075
2017-07-07,119.418152
2017-07-10,119.662717
2017-07-11,119.744406
2017-07-12,120.111259
2017-07-13,119.966099
2017-07-14,120.239517
2017-07-17,120.435976
2017-07-18,120.905295
2017-07-19,120.925544
2017-07-20,121.007601
2017-07-21,121.372537
2017-07-24,121.13586
2017-07-25,120.457722
2017-07-26,120.884555
2017-07-27,120.68439
2017-07-28,120.933727
2017-07-31,120.838314
2017-08-01,120.971382
2017-08-02,120.878296
2017-08-03,121.088653
2017-08-04,120.598499
2017-08-07,120.643835
2017-08-08,120.252094
2017-08-09,120.318894
2017-08-10,120.362763
2017-08-11,120.300958
2017-08-14,120.32913
2017-08-15,120.080227
2017-08-16,120.567733
2017-08-17,120.739958
2017-08-18,120.640552
2017-08-21,120.764267
2017-08-22,120.519055
2017-08-23,120.930773
2017-08-24,120.727011
2017-08-25,121.011977
2017-08-28,121.099581
2017-08-29,121.155431
2017-08-30,121.144087
2017-08-31,121.408181
2017-09-01,120.72922
2017-09-05,121.51448
2017-09-06,121.019302
2017-09-07,121.431134
2017-09-08,121.280244
2017-09-11,120.805252
2017-09-12,120.580513
2017-09-13,120.526026
2017-09-14,120.714917
2017-09-15,120.821674
2017-09-18,120.712907
2017-09-19,120.796974
2017-09-20,120.63639
2017-09-21,120.714496
2017-09-22,120.816721
2017-09-25,121.215956
2017-09-26,121.229694
2017-09-27,120.647587
2017-09-28,120.845741
2017-09-29,121.007464
2017-10-02,120.757036
2017-10-03,120.933382
2017-10-04,120.926672
2017-10-05,120.751146
2017-10-06,120.652952
2017-10-09,120.687857
2017-10-10,120.924068
2017-10-11,120.877517
2017-10-12,121.011722
2017-10-13,121.455648
2017-10-16,121.246623
2017-10-17,121.360432
2017-10-18,121.004047
2017-10-19,121.229016
2017-10-20,120.809564
2017-10-23,121.009893
2017-10-24,120.832805
2017-10-25,120.479022
2017-10-26,120.467918
2017-10-27,120.713025
2017-10-30,121.247401
2017-10-31,121.130011
2017-11-01,120.79416
2017-11-02,120.990725
2017-11-03,120.974021
2017-11-06,121.023585
2017-11-07,120.971088
2017-11-08,120.81089
2017-11-09,120.549336
2017-11-10,119.794419
2017-11-13,119.887077
2017-11-14,119.974228
2017-11-15,120.21852
2017-11-16,120.166836
2017-11-17,120.360476
2017-11-20,120.314945
2017-11-21,120.684808
2017-11-22,121.096073
2017-11-24,120.930895
2017-11-27,121.086925
2017-11-28,121.040641
2017-11-29,120.7101
2017-11-30,120.53203
2017-12-01,120.798544
2017-12-04,120.809169
2017-12-05,121.145779
2017-12-06,121.291698
2017-12-07,120.795397
2017-12-08,120.818936
2017-12-11,120.870901
2017-12-12,120.85813
2017-12-13,121.392507
2017-12-14,121.587507
2017-12-15,121.649322
2017-12-18,121.263512
2017-12-19,120.593524
2017-12-20,120.250295
2017-12-21,120.398291
2017-12-22,120.405711
2017-12-26,120.627394
2017-12-27,121.274242
2017-12-28,121.181731
2017-12-29,121.391617
2018-01-02,120.663762
2018-01-03,120.927978
2018-01-04,120.886532
2018-01-05,120.704108
2018-01-08,120.754272
2018-01-09,120.287922
2018-01-10,120.439303
2018-01-11,120.749504
2018-01-12,120.753179
2018-01-16,120.878329
2018-01-17,120.520044
2018-01-18,120.1551
2018-01-19,119.861681
2018-01-22,119.645928
2018-01-23,119.976361
2018-01-24,119.802007
2018-01-25,120.403619
2018-01-26,120.194241
2018-01-29,120.024857
2018-01-30,119.669915
2018-01-31,119.909355
2018-02-01,119.170161
2018-02-02,118.459484
2018-02-05,118.772705
2018-02-06,118.629601
2018-02-07,118.144951
2018-02-08,117.861607
2018-02-09,117.452449
2018-02-12,117.323892
2018-02-13,117.01382
2018-02-14,116.607571
2018-02-15,117.105903
2018-02-16,117.248045
2018-02-20,117.136631
2018-02-21,116.625115
2018-02-22,116.904592
2018-02-23,117.184829
2018-02-26,117.30935
2018-02-27,116.896814
2018-02-28,117.113361
2018-03-01,116.865018
2018-03-02,116.39666
2018-03-05,116.239975
2018-03-06,116.504772
2018-03-07,116.303167
2018-03-08,116.46931
2018-03-09,116.177389
2018-03-12,116.259435
2018-03-13,116.292994
2018-03-14,116.526779
2018-03-15,116.400519
2018-03-16,116.37712
2018-03-19,116.381408
2018-03-20,115.991821
2018-03-21,115.718201
2018-03-22,116.031164
2018-03-23,115.895738
2018-03-26,115.959508
2018-03-27,116.55968
2018-03-28,116.630859
2018-03-29,117.136806
2018-04-02,116.810953
2018-04-03,116.437954
2018-04-04,116.437043
2018-04-05,116.311325
2018-04-06,116.887258
2018-04-09,116.915401
2018-04-10,116.989468
2018-04-11,117.028125
2018-04-12,116.757388
2018-04-13,116.821489
2018-04-16,116.878062
2018-04-17,117.05702
2018-04-18,116.427051
2018-04-19,115.782758
2018-04-20,115.43872
2018-04-23,115.306159
2018-04-24,115.081318
2018-04-25,114.567065
2018-04-26,114.925423
2018-04-27,115.26728
2018-04-30,115.371247
2018-05-01,114.4769
2018-05-02,114.543045
2018-05-03,114.588779
2018-05-04,114.54118
2018-05-07,114.565142
2018-05-08,114.406375
2018-05-09,114.307805
2018-05-10,114.767257
2018-05-11,114.959127
2018-05-14,114.927966
2018-05-15,114.021947
2018-05-16,113.958159
2018-05-17,113.757018
2018-05-18,114.086497
2018-05-21,114.123528
2018-05-22,114.150196
2018-05-23,114.568995
2018-05-24,114.853725
2018-05-25,115.176607
2018-05-29,116.104499
2018-05-30,115.480702
2018-05-31,115.704147
2018-06-01,114.820725
2018-06-04,114.558554
2018-06-05,114.685927
2018-06-06,114.136052
2018-06-07,114.598582
2018-06-08,114.407897
2018-06-11,114.273508
2018-06-12,114.386312
2018-06-13,114.253974
2018-06-14,114.589991
2018-06-15,114.706615
2018-06-18,114.488719
2018-06-19,114.496514
2018-06-20,114.11808
2018-06-21,113.932872
2018-06-22,113.892096
2018-06-25,113.939265
2018-06-26,114.039254
2018-06-27,114.563566
2018-06-28,114.273316
2018-06-29,114.510816
2018-07-02,114.04482
2018-07-03,114.514359
2018-07-05,114.646164
2018-07-06,114.907922
2018-07-09,114.912435
2018-07-10,115.006326
2018-07-11,115.181748
2018-07-12,115.316034
2018-07-13,115.597838
2018-07-16,115.343515
2018-07-17,115.260569
2018-07-18,115.200857
2018-07-19,115.442017
2018-07-20,115.000684
2018-07-23,114.43526
2018-07-24,115.017024
2018-07-25,115.20274
2018-07-26,115.106778
2018-07-27,115.364786
2018-07-30,115.228779
2018-07-31,115.487743
2018-08-01,114.786442
2018-08-02,114.919092
2018-08-03,115.308942
2018-08-06,115.517306
2018-08-07,115.226662
2018-08-08,115.043623
2018-08-09,115.134531
2018-08-10,115.421401
2018-08-13,115.192172
2018-08-14,115.239941
2018-08-15,115.540811
2018-08-16,115.606476
2018-08-17,115.614709
2018-08-20,116.120613
2018-08-21,115.937605
2018-08-22,115.944724
2018-08-23,115.947997
2018-08-24,115.923638
2018-08-27,115.796288
2018-08-28,115.499732
2018-08-29,115.548282
2018-08-30,115.599085
2018-08-31,115.486282
2018-09-04,114.587287
2018-09-05,114.661145
2018-09-06,115.03561
2018-09-07,114.544434
2018-09-10,114.769293
2018-09-11,114.526417
2018-09-12,114.818898
2018-09-13,114.987244
2018-09-14,114.811931
2018-09-17,114.784542
2018-09-18,114.325533
2018-09-19,114.087159
2018-09-20,114.467361
2018-09-21,114.5605
2018-09-24,114.429218
2018-09-25,114.240613
2018-09-26,114.702112
2018-09-27,114.806593
2018-09-28,114.752614
2018-10-01,114.362487
2018-10-02,114.493823
2018-10-03,113.602393
2018-10-04,113.212598
2018-10-05,112.900843
2018-10-08,112.937032
2018-10-09,113.136489
2018-10-10,112.796426
2018-10-11,113.31105
2018-10-12,113.374788
2018-10-15,113.05095
2018-10-16,113.181936
2018-10-17,112.954453
2018-10-18,112.844245
2018-10-19,112.56415
2018-10-22,112.567177
2018-10-23,112.495562
2018-10-24,112.873329
2018-10-25,112.67522
2018-10-26,112.927381
2018-10-29,112.881139
2018-10-30,112.504241
2018-10-31,112.243568
2018-11-01,111.913049
2018-11-02,111.516783
2018-11-05,111.784974
2018-11-06,111.949737
2018-11-07,112.165383
2018-11-08,112.005299
2018-11-09,112.178172
2018-11-12,112.215346
2018-11-13,112.115536
2018-11-14,111.883496
2018-11-15,111.29986
2018-11-16,111.707097
2018-11-19,111.693686
2018-11-20,111.471833
2018-11-21,111.715494
2018-11-23,111.780028
2018-11-26,111.940975
2018-11-27,111.700244
2018-11-28,111.67655
2018-11-29,111.547936
2018-11-30,111.513868
2018-12-03,111.699562
2018-12-04,111.948114
2018-12-06,111.862727
2018-12-07,112.210357
2018-12-10,112.146147
2018-12-11,112.281595
2018-12-12,112.47795
2018-12-13,112.576234
2018-12-14,112.733862
2018-12-17,113.006974
2018-12-18,112.844014
2018-12-19,113.310402
2018-12-20,112.526556
2018-12-21,112.303817
2018-12-24,112.57256
2018-12-26,112.110008
2018-12-27,112.324865
2018-12-28,112.273513
2018-12-31,112.688224
2019-01-02,112.958226
2019-01-03,113.421828
2019-01-04,112.859739
2019-01-07,113.100929
2019-01-08,113.129894
2019-01-09,113.401192
2019-01-10,113.151508
2019-01-11,113.471309
2019-01-14,113.222716
2019-01-15,113.234203
2019-01-16,113.407993
2019-01-17,113.481937
2019-01-18,113.782676
2019-01-22,114.307871
2019-01-23,114.342351
2019-01-24,114.818987
2019-01-25,114.738737
2019-01-28,114.812807
2019-01-29,115.104161
2019-01-30,115.321957
2019-01-31,116.226433
2019-02-01,115.633395
2019-02-04,115.565184
2019-02-05,116.01094
2019-02-06,115.88183
2019-02-07,115.99217
2019-02-08,116.131935
2019-02-11,115.972679
2019-02-12,115.891964
2019-02-13,115.765477
2019-02-14,115.937154
2019-02-15,116.057253
2019-02-19,116.230611
2019-02-20,116.103212
2019-02-21,115.704367
2019-02-22,116.082479
2019-02-25,116.123015
2019-02-26,116.37851
2019-02-27,115.876554
2019-02-28,115.895173
2019-03-01,115.413193
2019-03-04,115.736827
2019-03-05,115.676696
2019-03-06,115.797496
2019-03-07,116.181036
2019-03-08,116.101049
2019-03-11,116.119597
2019-03-12,116.637025
2019-03-13,116.529818
2019-03-14,116.299513
2019-03-15,116.676512
2019-03-18,116.767768
2019-03-19,116.712551
2019-03-20,117.205288
2019-03-21,117.446542
2019-03-22,118.2598
2019-03-25,118.562947
2019-03-26,118.741551
2019-03-27,119.076371
2019-03-28,119.019641
2019-03-29,118.90523
2019-04-01,118.01008
2019-04-02,118.151011
2019-04-03,117.971826
2019-04-04,118.099112
2019-04-05,118.349642
2019-04-08,118.240665
2019-04-09,118.558558
2019-04-10,118.878102
2019-04-11,118.844719
2019-04-12,118.73331
2019-04-15,118.850819
2019-04-16,118.556013
2019-04-17,118.585999
2019-04-18,118.746402
2019-04-22,118.364906
2019-04-23,118.626124
2019-04-24,119.082925
2019-04-25,119.00884
2019-04-26,119.3465
2019-04-29,119.037597
2019-04-30,119.26406
2019-05-01,118.990834
2019-05-02,118.381169
2019-05-03,118.662996
2019-05-06,118.777589
2019-05-07,119.13526
2019-05-08,118.781984
2019-05-09,118.78884
2019-05-10,118.786134
2019-05-13,118.917513
2019-05-14,118.985943
2019-05-15,119.348968
2019-05-16,119.280643
2019-05-17,119.326997
2019-05-20,119.068166
2019-05-21,118.993141
2019-05-22,119.166666
2019-05-23,119.720968
2019-05-24,119.509173
2019-05-28,119.863967
2019-05-29,119.773365
2019-05-30,120.268758
2019-05-31,120.677204
2019-06-03,120.79186
2019-06-04,120.616211
2019-06-05,120.561549
2019-06-06,120.59725
2019-06-07,121.237575
2019-06-10,121.001561
2019-06-11,121.074742
2019-06-12,121.029671
2019-06-13,121.38756
2019-06-14,121.337287
2019-06-17,121.471254
2019-06-18,122.122663
2019-06-19,122.66833
2019-06-20,123.435164
2019-06-21,123.082342
2019-06-24,123.778997
2019-06-25,123.694112
2019-06-26,123.326768
2019-06-27,123.966048
2019-06-28,124.164412
2019-07-01,123.758331
2019-07-02,124.30893
2019-07-03,124.649809
2019-07-05,123.669613
2019-07-08,123.768879
2019-07-09,123.461745
2019-07-10,123.386525
2019-07-11,122.877792
2019-07-12,123.019082
2019-07-15,123.218829
2019-07-16,122.855999
2019-07-17,123.500842
2019-07-18,123.664837
2019-07-19,123.751277
2019-07-22,123.955612
2019-07-23,123.814759
2019-07-24,124.167535
2019-07-25,124.034355
2019-07-26,124.081682
2019-07-29,124.306869
2019-07-30,124.045921
2019-07-31,124.443013
2019-08-01,125.068712
2019-08-02,125.098287
2019-08-05,125.600449
2019-08-06,125.826668
2019-08-07,126.109905
2019-08-08,125.673944
2019-08-09,125.935075
2019-08-12,126.953012
2019-08-13,126.656964
2019-08-14,127.249483
2019-08-15,127.605328
2019-08-16,127.675348
2019-08-19,127.252911
2019-08-20,127.751898
2019-08-21,128.0207
2019-08-22,127.764181
2019-08-23,128.494699
2019-08-26,128.197644
2019-08-27,128.869653
2019-08-28,128.967965
2019-08-29,128.523189
2019-08-30,128.702732
2019-09-03,128.384027
2019-09-04,128.546443
2019-09-05,127.512742
2019-09-06,127.933002
2019-09-09,127.216943
2019-09-10,126.29412
2019-09-11,126.082149
2019-09-12,125.665303
2019-09-13,124.596822
2019-09-16,125.252585
2019-09-17,125.490186
2019-09-18,125.907877
2019-09-19,126.307647
2019-09-20,126.639459
2019-09-23,127.120316
2019-09-24,127.708648
2019-09-25,126.528662
2019-09-26,127.116883
2019-09-27,127.196032
2019-09-30,127.230233
2019-10-01,127.15271
2019-10-02,127.123939
2019-10-03,127.70824
2019-10-04,128.02473
2019-10-07,127.65391
2019-10-08,127.59902
2019-10-09,127.275751
2019-10-10,126.658424
2019-10-11,126.272018
2019-10-14,126.310022
2019-10-15,126.340833
2019-10-16,126.537605
2019-10-17,126.630306
2019-10-18,126.794395
2019-10-21,126.562642
2019-10-22,126.946509
2019-10-23,126.883339
2019-10-24,126.959499
2019-10-25,126.791906
2019-10-28,126.532956
2019-10-29,126.577698
2019-10-30,126.837627
2019-10-31,127.67395
2019-11-01,127.243327
2019-11-04,126.766826
2019-11-05,126.066653
2019-11-06,126.695509
2019-11-07,125.734766
2019-11-08,125.701909
2019-11-11,125.740297
2019-11-12,126.024201
2019-11-13,126.285247
2019-11-14,126.819632
2019-11-15,126.605177
2019-11-18,126.864611
2019-11-19,127.136678
2019-11-20,127.392542
2019-11-21,127.060875
2019-11-22,127.234074
2019-11-25,127.62469
2019-11-26,128.067458
2019-11-27,127.895751
2019-11-29,127.819012
2019-12-02,126.785021
2019-12-03,127.985827
2019-12-04,127.488429
2019-12-05,127.507951
2019-12-06,127.427452
2019-12-09,127.643964
2019-12-10,127.653078
2019-12-11,128.145878
2019-12-12,127.18378
2019-12-13,128.234661
2019-12-16,127.70913
2019-12-17,127.811139
2019-12-18,127.6596
2019-12-19,127.598687
2019-12-20,127.534304
2019-12-23,127.392145
2019-12-24,127.78005
2019-12-26,127.731634
2019-12-27,128.16661
2019-12-30,127.902489
2019-12-31,127.547927
2020-01-02,127.985667
2020-01-03,128.637732
2020-01-06,128.092676
2020-01-07,127.781354
2020-01-08,127.329027
2020-01-09,127.862653
2020-01-10,128.513491
2020-01-13,128.221793
2020-01-14,128.407385
2020-01-15,128.768048
2020-01-16,128.731663
2020-01-17,128.747673
2020-01-21,129.522931
2020-01-22,129.662382
2020-01-23,129.758118
2020-01-24,130.185284
2020-01-27,130.433984
2020-01-28,130.182757
2020-01-29,130.775949
2020-01-30,130.688715
2020-01-31,130.900972
2020-02-03,130.700813
2020-02-04,130.087287
2020-02-05,129.910691
2020-02-06,130.141614
2020-02-07,130.854632
2020-02-10,131.029761
2020-02-11,130.76768
2020-02-12,130.477059
2020-02-13,130.591819
2020-02-14,130.932137
2020-02-18,131.203383
2020-02-19,131.095507
2020-02-20,131.306817
2020-02-21,131.66022
2020-02-24,131.906278
2020-02-25,132.0461
2020-02-26,132.128458
2020-02-27,131.453051
2020-02-28,132.248263
2020-03-02,132.122151
2020-03-03,133.076368
2020-03-04,133.459689
2020-03-05,133.618868
2020-03-06,135.253884
2020-03-09,132.486252
2020-03-10,129.221797
2020-03-11,128.068943
2020-03-12,124.178582
2020-03-13,123.612419
2020-03-16,123.325579
2020-03-17,119.033013
2020-03-18,113.05696
2020-03-19,110.672579
2020-03-20,109.792035
2020-03-23,111.362535
2020-03-24,113.779706
2020-03-25,116.698895
2020-03-26,118.860568
2020-03-27,120.481251
2020-03-30,122.144001
2020-03-31,122.772192
2020-04-01,121.598487
2020-04-02,121.663894
2020-04-03,121.535756
2020-04-06,121.751325
2020-04-07,122.800566
2020-04-08,123.670105
2020-04-09,127.722455
2020-04-13,128.538303
2020-04-14,129.025924
2020-04-15,129.333254
2020-04-16,129.68248
2020-04-17,129.200559
2020-04-20,128.976494
2020-04-21,128.751104
2020-04-22,128.744661
2020-04-23,129.408098
2020-04-24,129.338157
2020-04-27,128.675149
2020-04-28,129.22838
2020-04-29,129.320622
2020-04-30,129.130487
2020-05-01,128.237253
2020-05-04,127.868884
2020-05-05,127.884915
2020-05-06,126.879158
2020-05-07,127.493136
2020-05-08,126.423978
2020-05-11,125.53395
2020-05-12,126.557218
2020-05-13,127.014372
2020-05-14,127.341589
2020-05-15,127.703262
2020-05-18,127.746422
2020-05-19,128.692871
2020-05-20,129.847816
2020-05-21,130.055168
2020-05-22,130.176882
2020-05-26,130.154527
2020-05-27,130.62645
2020-05-28,130.457318
2020-05-29,131.131049
2020-06-01,130.868069
2020-06-02,131.160874
2020-06-03,131.19436
2020-06-04,130.996151
2020-06-05,131.74336
2020-06-08,132.290744
2020-06-09,132.279367
2020-06-10,132.710986
2020-06-11,132.312436
2020-06-12,132.213975
2020-06-15,132.266407
2020-06-16,133.313145
2020-06-17,133.294493
2020-06-18,133.4727
2020-06-19,133.737198
2020-06-22,133.498993
2020-06-23,133.378376
2020-06-24,133.009819
2020-06-25,132.992493
2020-06-26,133.382754
2020-06-29,133.348413
2020-06-30,133.55845
2020-07-01,133.577159
2020-07-02,134.33059
2020-07-06,134.693935
2020-07-07,135.089386
2020-07-08,135.000555
2020-07-09,135.647524
2020-07-10,135.230672
2020-07-13,135.464852
2020-07-14,135.737876
2020-07-15,135.967803
2020-07-16,136.357999
2020-07-17,136.404313
2020-07-20,136.81643
2020-07-21,137.398521
2020-07-22,137.75823
2020-07-23,138.060224
2020-07-24,137.820591
2020-07-27,137.510562
2020-07-28,137.587831
2020-07-29,137.53315
2020-07-30,137.848073
2020-07-31,137.98614
2020-08-03,137.463494
2020-08-04,138.173006
2020-08-05,138.17419
2020-08-06,138.505647
2020-08-07,138.328933
2020-08-10,138.218838
2020-08-11,137.144719
2020-08-12,136.963525
2020-08-13,136.08805
2020-08-14,135.616675
2020-08-17,135.610512
2020-08-18,135.586718
2020-08-19,135.496633
2020-08-20,135.82638
2020-08-21,135.99434
2020-08-24,136.10091
2020-08-25,135.637961
2020-08-26,135.314003
2020-08-27,134.368438
2020-08-28,134.538904
2020-08-31,135.12827
2020-09-01,135.574696
2020-09-02,136.381777
2020-09-03,136.510444
2020-09-04,134.776677
2020-09-08,134.93103
2020-09-09,134.711615
2020-09-10,135.073792
2020-09-11,135.308242
2020-09-14,135.531189
2020-09-15,135.48453
2020-09-16,135.49823
2020-09-17,135.826512
2020-09-18,135.515006
2020-09-21,135.293118
2020-09-22,135.491325
2020-09-23,135.108031
2020-09-24,134.698849
2020-09-25,134.153803
2020-09-28,134.295638
2020-09-29,134.6766
2020-09-30,134.416717
2020-10-01,134.332074
2020-10-02,134.067437
2020-10-05,133.706809
2020-10-06,134.485229
2020-10-07,134.004041
2020-10-08,134.399341
2020-10-09,134.420032
2020-10-12,134.455423
2020-10-13,135.235772
2020-10-14,135.215771
2020-10-15,134.946685
2020-10-16,135.072948
2020-10-19,134.948239
2020-10-20,134.403569
2020-10-21,134.298869
2020-10-22,133.973831
2020-10-23,134.2632
2020-10-26,134.573835
2020-10-27,135.024535
2020-10-28,134.663057
2020-10-29,134.020883
2020-10-30,133.757569
2020-11-02,133.836845
2020-11-03,133.75594
2020-11-04,135.454118
2020-11-05,136.043255
2020-11-06,135.807229
2020-11-09,135.198757
2020-11-10,134.867582
2020-11-11,134.879078
2020-11-12,135.48589
2020-11-13,135.536722
2020-11-16,135.677815
2020-11-17,136.223697
2020-11-18,136.57129
2020-11-19,137.039801
2020-11-20,137.450381
2020-11-23,137.150936
2020-11-24,137.146951
2020-11-25,137.100204
2020-11-27,137.667182
2020-11-30,137.906514
2020-12-01,136.979819
2020-12-02,136.964171
2020-12-03,137.58377
2020-12-04,136.845594
2020-12-07,137.206143
2020-12-08,137.094123
2020-12-09,136.395524
2020-12-10,137.027682
2020-12-11,137.022987
2020-12-14,137.118407
2020-12-15,136.910884
2020-12-16,137.126934
2020-12-17,137.016249
2020-12-18,136.755714
2020-12-21,136.644752
2020-12-22,137.048785
2020-12-23,136.644021
2020-12-24,137.138969
2020-12-28,137.242348
2020-12-29,137.376347
2020-12-30,137.479997
2020-12-31,137.888939
2021-01-04,137.463432
2021-01-05,136.635597
2021-01-06,135.42744
2021-01-07,135.513195
2021-01-08,135.401971
2021-01-11,135.118798
2021-01-12,135.104423
2021-01-13,136.145949
2021-01-14,135.870393
2021-01-15,136.077982
2021-01-19,136.333074
2021-01-20,136.36254
2021-01-21,135.815531
2021-01-22,135.83856
2021-01-25,136.265177
2021-01-26,136.263151
2021-01-27,136.115121
2021-01-28,135.993514
2021-01-29,135.636609
2021-02-01,135.44324
2021-02-02,135.152005
2021-02-03,134.856443
2021-02-04,134.980958
2021-02-05,134.730046
2021-02-08,135.087312
2021-02-09,135.034985
2021-02-10,135.454358
2021-02-11,135.094834
2021-02-12,134.456067
2021-02-16,133.770309
2021-02-17,134.216424
2021-02-18,134.161383
2021-02-19,133.398925
2021-02-22,132.599367
2021-02-23,132.288761
2021-02-24,132.202002
2021-02-25,130.640477
2021-02-26,132.351389
2021-03-01,131.706936
2021-03-02,131.951756
2021-03-03,131.191476
2021-03-04,130.2795
2021-03-05,129.776059
2021-03-08,128.941319
2021-03-09,129.577493
2021-03-10,130.084809
2021-03-11,130.12764
2021-03-12,128.908236
2021-03-15,129.12324
2021-03-16,129.110827
2021-03-17,128.883385
2021-03-18,128.458144
2021-03-19,128.648709
2021-03-22,129.19197
2021-03-23,129.614359
2021-03-24,129.832381
2021-03-25,129.566985
2021-03-26,129.421791
2021-03-29,129.077636
2021-03-30,129.462184
2021-03-31,129.767765
2021-04-01,130.447148
2021-04-05,130.132392
2021-04-06,130.549015
2021-04-07,130.368224
2021-04-08,130.84291
2021-04-09,130.579067
2021-04-12,130.513498
2021-04-13,130.988535
2021-04-14,130.956709
2021-04-15,131.73152
2021-04-16,131.082836
2021-04-19,130.682486
2021-04-20,131.01628
2021-04-21,131.215056
2021-04-22,131.469915
2021-04-23,131.50582
2021-04-26,131.548458
2021-04-27,130.944744
2021-04-28,131.05093
2021-04-29,130.85703
2021-04-30,130.905683
2021-05-03,130.786119
2021-05-04,131.111531
2021-05-05,131.375372
2021-05-06,131.510025
2021-05-07,131.515622
2021-05-10,130.961521
2021-05-11,130.499363
2021-05-12,129.795032
2021-05-13,130.228012
2021-05-14,130.767959
2021-05-17,130.884337
2021-05-18,130.61364
2021-05-19,130.202102
2021-05-20,130.913781
2021-05-21,131.140719
2021-05-24,131.473689
2021-05-25,132.077734
2021-05-26,131.895285
2021-05-27,131.652208
2021-05-28,131.889758
2021-06-01,131.378883
2021-06-02,131.61029
2021-06-03,131.171625
2021-06-04,132.015863
2021-06-07,131.936427
2021-06-08,132.363896
2021-06-09,132.887782
2021-06-10,133.418752
2021-06-11,133.41474
2021-06-14,133.022782
2021-06-15,133.036411
2021-06-16,132.633483
2021-06-17,133.578339
2021-06-18,134.488914
2021-06-21,133.593115
2021-06-22,133.67647
2021-06-23,133.494457
2021-06-24,133.635851
2021-06-25,133.22468
2021-06-28,133.956477
2021-06-29,134.085311
2021-06-30,134.292942
2021-07-01,133.838105
2021-07-02,134.227561
2021-07-06,134.945875
2021-07-07,135.275318
2021-07-08,135.334225
2021-07-09,134.626589
2021-07-12,134.576541
2021-07-13,134.075758
2021-07-14,134.869745
2021-07-15,135.241387
2021-07-16,135.052948
2021-07-19,135.785261
2021-07-20,135.583051
2021-07-21,135.091819
2021-07-22,135.637256
2021-07-23,135.507808
2021-07-26,135.346437
2021-07-27,135.844911
2021-07-28,136.050236
2021-07-29,135.777765
2021-07-30,135.997723
2021-08-02,136.196377
2021-08-03,136.131682
2021-08-04,136.181716
2021-08-05,135.681569
2021-08-06,134.580272
2021-08-09,134.189415
2021-08-10,133.863366
2021-08-11,133.883517
2021-08-12,133.987758
2021-08-13,134.950418
2021-08-16,135.148187
2021-08-17,134.859698
2021-08-18,134.900982
2021-08-19,135.046728
2021-08-20,135.115232
2021-08-23,135.345633
2021-08-24,135.006742
2021-08-25,134.576701
2021-08-26,134.693099
2021-08-27,135.260561
2021-08-30,135.622458
2021-08-31,135.262489
2021-09-01,135.055151
2021-09-02,135.324308
2021-09-03,134.856965
2021-09-07,134.279654
2021-09-08,134.622695
2021-09-09,135.476456
2021-09-10,135.151499
2021-09-13,135.484455
2021-09-14,135.976021
2021-09-15,135.765117
2021-09-16,135.451803
2021-09-17,135.145959
2021-09-20,135.601128
2021-09-21,135.719637
2021-09-22,136.096483
2021-09-23,134.994933
2021-09-24,134.678787
2021-09-27,134.535221
2021-09-28,133.429466
2021-09-29,133.55283
2021-09-30,133.285839
2021-10-01,133.669998
2021-10-04,133.445642
2021-10-05,133.002334
2021-10-06,133.000524
2021-10-07,132.438287
2021-10-08,131.887223
2021-10-11,131.921277
2021-10-12,132.424632
2021-10-13,132.98136
2021-10-14,133.45772
2021-10-15,133.03358
2021-10-18,133.134745
2021-10-19,132.4917
2021-10-20,132.129676
2021-10-21,131.821335
2021-10-22,132.286805
2021-10-25,132.393282
2021-10-26,132.956536
2021-10-27,133.883878
2021-10-28,133.415888
2021-10-29,133.475377
2021-11-01,132.935862
2021-11-02,133.29541
2021-11-03,133.018321
2021-11-04,133.704975
2021-11-05,134.706312
2021-11-08,134.378877
2021-11-09,134.895346
2021-11-10,133.375405
2021-11-11,133.391685
2021-11-12,133.038173
2021-11-15,132.120408
2021-11-16,131.803798
2021-11-17,132.265575
2021-11-18,132.549734
2021-11-19,132.95826
2021-11-22,132.052368
2021-11-23,131.004852
2021-11-24,131.562753
2021-11-26,132.817171
2021-11-29,132.603521
2021-11-30,133.148481
2021-12-01,133.053872
2021-12-02,132.944115
2021-12-03,134.079261
2021-12-06,133.608034
2021-12-07,133.478106
2021-12-08,132.557711
2021-12-09,132.696584
2021-12-10,132.637404
2021-12-13,133.404013
2021-12-14,132.928613
2021-12-15,132.513214
2021-12-16,132.51722
2021-12-17,132.825436
2021-12-20,132.235651
2021-12-21,132.230763
2021-12-22,132.691137
2021-12-23,132.273205
2021-12-27,132.632064
2021-12-28,132.656632
2021-12-29,132.025467
2021-12-30,132.513447
2021-12-31,132.658813
2022-01-03,131.048408
2022-01-04,130.947941
2022-01-05,130.597994
2022-01-06,130.380099
2022-01-07,129.826519
2022-01-10,129.576736
2022-01-11,129.961862
2022-01-12,129.858098
2022-01-13,130.093004
2022-01-14,129.020754
2022-01-18,127.920737
2022-01-19,128.419398
2022-01-20,128.382936
2022-01-21,128.827926
2022-01-24,128.305447
2022-01-25,128.218767
2022-01-26,127.418392
2022-01-27,127.647261
2022-01-28,127.543301
2022-01-31,127.571007
2022-02-01,127.461288
2022-02-02,127.729524
2022-02-03,126.827822
2022-02-04,125.5557
2022-02-07,125.661891
2022-02-08,125.348338
2022-02-09,125.608008
2022-02-10,124.160286
2022-02-11,124.949691
2022-02-14,123.948923
2022-02-15,123.421821
2022-02-16,123.193563
2022-02-17,123.391932
2022-02-18,123.623519
2022-02-22,123.452921
2022-02-23,122.609772
2022-02-24,122.565974
2022-02-25,123.012974
2022-02-28,124.51345
2022-03-01,125.007907
2022-03-02,123.109019
2022-03-03,123.630059
2022-03-04,124.095054
2022-03-07,122.886265
2022-03-08,121.577603
2022-03-09,121.341764
2022-03-10,120.257435
2022-03-11,120.090827
2022-03-14,118.496938
2022-03-15,118.750514
2022-03-16,119.82695
2022-03-17,120.790424
2022-03-18,121.340301
2022-03-21,120.046806
2022-03-22,119.697655
2022-03-23,120.392454
2022-03-24,119.856645
2022-03-25,118.9592
2022-03-28,119.392928
2022-03-29,120.465784
2022-03-30,120.983036
2022-03-31,121.105338
2022-04-01,120.668796
2022-04-04,120.938273
2022-04-05,119.416823
2022-04-06,118.632883
2022-04-07,118.227096
2022-04-08,117.048016
2022-04-11,115.890374
2022-04-12,116.125917
2022-04-13,116.200883
2022-04-14,115.155213
2022-04-18,114.623393
2022-04-19,113.735759
2022-04-20,114.808831
2022-04-21,113.89242
2022-04-22,113.272312
2022-04-25,113.98244
2022-04-26,114.70747
2022-04-27,113.908064
2022-04-28,113.640338
2022-04-29,112.857245
2022-05-02,111.457614
2022-05-03,112.147551
2022-05-04,112.86638
2022-05-05,111.584614
2022-05-06,110.851316
2022-05-09,111.179722
2022-05-10,111.66976
2022-05-11,112.302992
2022-05-12,112.351312
2022-05-13,111.638497
2022-05-16,111.757258
2022-05-17,110.897314
2022-05-18,111.420889
2022-05-19,111.676598
2022-05-20,112.182419
2022-05-23,111.657135
2022-05-24,112.947958
2022-05-25,113.90793
2022-05-26,114.397591
2022-05-27,114.658066
2022-05-31,114.004479
2022-06-01,113.483666
2022-06-02,113.420245
2022-06-03,113.044088
2022-06-06,112.336556
2022-06-07,112.828113
2022-06-08,112.437771
2022-06-09,112.065994
2022-06-10,110.697812
2022-06-13,107.991437
2022-06-14,107.435187
2022-06-15,108.964644
2022-06-16,109.141161
2022-06-17,109.228709
2022-06-21,108.662452
2022-06-22,109.491564
2022-06-23,109.90317
2022-06-24,109.739769
2022-06-27,109.166571
2022-06-28,109.047831
2022-06-29,109.665787
2022-06-30,109.906714
2022-07-01,110.351395
2022-07-05,110.777824
2022-07-06,110.109391
2022-07-07,110.160298
2022-07-08,109.907932
2022-07-11,110.730875
2022-07-12,110.870408
2022-07-13,111.299585
2022-07-14,110.598182
2022-07-15,111.287715
2022-07-18,111.189059
2022-07-19,110.953139
2022-07-20,111.093909
2022-07-21,112.425046
2022-07-22,113.472324
2022-07-25,112.613277
2022-07-26,112.424633
2022-07-27,112.919365
2022-07-28,113.808252
2022-07-29,114.153861
2022-08-01,114.632313
2022-08-02,113.001806
2022-08-03,113.898376
2022-08-04,114.126732
2022-08-05,112.522596
2022-08-08,113.323708
2022-08-09,112.881868
2022-08-10,113.222087
2022-08-11,112.562827
2022-08-12,113.40563
2022-08-15,113.650602
2022-08-16,113.477359
2022-08-17,112.636576
2022-08-18,112.806564
2022-08-19,111.603904
2022-08-22,110.871958
2022-08-23,110.77264
2022-08-24,110.470302
2022-08-25,111.486414
2022-08-26,111.41501
2022-08-29,110.52228
2022-08-30,110.415728
2022-08-31,109.523567
2022-09-01,108.09998
2022-09-02,108.699456
2022-09-06,107.210372
2022-09-07,108.242314
2022-09-08,107.954066
2022-09-09,108.250607
2022-09-12,108.136466
2022-09-13,107.41945
2022-09-14,107.678914
2022-09-15,107.333147
2022-09-16,106.875525
2022-09-19,106.942383
2022-09-20,106.295652
2022-09-21,106.939283
2022-09-22,105.156649
2022-09-23,104.906509
2022-09-26,103.316863
2022-09-27,101.720851
2022-09-28,103.295789
2022-09-29,102.385053
2022-09-30,102.553373
2022-10-03,103.786604
2022-10-04,104.376755
2022-10-05,103.448922
2022-10-06,103.27366
2022-10-07,102.489794
2022-10-10,102.523729
2022-10-11,101.345269
2022-10-12,101.283622
2022-10-13,100.895981
2022-10-14,100.431532
2022-10-17,100.623206
2022-10-18,101.089644
2022-10-19,99.965044
2022-10-20,99.24719
2022-10-21,99.013138
2022-10-24,99.120423
2022-10-25,100.584153
2022-10-26,101.132943
2022-10-27,101.785397
2022-10-28,101.559719
2022-10-31,101.139508
2022-11-01,101.415662
2022-11-02,101.33635
2022-11-03,100.731597
2022-11-04,100.643087
2022-11-07,100.474798
2022-11-08,101.06543
2022-11-09,101.015678
2022-11-10,103.791226
2022-11-11,103.805118
2022-11-14,103.931082
2022-11-15,105.074843
2022-11-16,105.994151
2022-11-17,105.367124
2022-11-18,105.385282
2022-11-21,105.593065
2022-11-22,106.346204
2022-11-23,107.179913
2022-11-25,107.439954
2022-11-28,107.056349
2022-11-29,106.298166
2022-11-30,106.998315
2022-12-01,108.431393
2022-12-02,108.878591
2022-12-05,108.015847
2022-12-06,108.721644
2022-12-07,109.713383
2022-12-08,109.552502
2022-12-09,108.558435
2022-12-12,108.604073
2022-12-13,109.456912
2022-12-14,109.582001
2022-12-15,109.307937
2022-12-16,108.747378
2022-12-19,107.833193
2022-12-20,106.65519
2022-12-21,107.003022
2022-12-22,106.983413
2022-12-23,106.452905
2022-12-27,105.616057
2022-12-28,105.361864
2022-12-29,105.843071
2022-12-30,105.432213
2023-01-03,105.997505
2023-01-04,106.684688
2023-01-05,106.662321
2023-01-06,108.138627
2023-01-09,108.715002
2023-01-10,108.209228
2023-01-11,109.295546
2023-01-12,110.467056
2023-01-13,110.070982
2023-01-17,110.056453
2023-01-18,111.379202
2023-01-19,110.794569
2023-01-20,110.0265
2023-01-23,109.916815
2023-01-24,110.553996
2023-01-25,110.622133
2023-01-26,110.623333
2023-01-27,110.451047
2023-01-30,110.048533
2023-01-31,110.667529
2023-02-01,111.2576
2023-02-02,111.615708
2023-02-03,110.418924
2023-02-06,109.636087
2023-02-07,109.245115
2023-02-08,109.419295
2023-02-09,108.618926
2023-02-10,107.84979
2023-02-13,108.03147
2023-02-14,107.803602
2023-02-15,107.450044
2023-02-16,106.70045
2023-02-17,106.867485
2023-02-21,105.532818
2023-02-22,105.954261
2023-02-23,106.447228
2023-02-24,105.597772
2023-02-27,105.813205
2023-02-28,105.811425
2023-03-01,104.80536
2023-03-02,104.622553
2023-03-03,105.87417
2023-03-06,105.83236
2023-03-07,105.679026
2023-03-08,105.37604
2023-03-09,105.477983
2023-03-10,106.816115
2023-03-13,106.799131
2023-03-14,106.341915
2023-03-15,106.992914
2023-03-16,106.842511
2023-03-17,107.868014
2023-03-20,107.489588
2023-03-21,107.606609
2023-03-22,108.794861
2023-03-23,108.813499
2023-03-24,108.850623
2023-03-27,108.021246
2023-03-28,107.802638
2023-03-29,108.021871
2023-03-30,108.452812
2023-03-31,109.367711
2023-04-03,109.535646
2023-04-04,109.94717
2023-04-05,110.099182
2023-04-06,110.245575
2023-04-10,109.351236
2023-04-11,109.529983
2023-04-12,109.679368
2023-04-13,109.44602
2023-04-14,109.022561
2023-04-17,108.497847
2023-04-18,108.853598
2023-04-19,108.548159
2023-04-20,108.837833
2023-04-21,108.642585
2023-04-24,109.201528
2023-04-25,110.002028
2023-04-26,109.390703
2023-04-27,108.983045
2023-04-28,109.792253
2023-05-01,107.723857
2023-05-02,108.883811
2023-05-03,109.381014
2023-05-04,108.624357
2023-05-05,108.475709
2023-05-08,107.678228
2023-05-09,107.47407
2023-05-10,108.401579
2023-05-11,108.79587
2023-05-12,108.238158
2023-05-15,107.712122
2023-05-16,107.224729
2023-05-17,107.045519
2023-05-18,106.559927
2023-05-19,106.409272
2023-05-22,106.430666
2023-05-23,106.62021
2023-05-24,106.227734
2023-05-25,105.946819
2023-05-26,106.218042
2023-05-30,107.177767
2023-05-31,107.464622
2023-06-01,107.511705
2023-06-02,107.062281
2023-06-05,107.09176
2023-06-06,107.145565
2023-06-07,106.351847
2023-06-08,106.941421
2023-06-09,106.663988
2023-06-12,106.853402
2023-06-13,106.395085
2023-06-14,106.714709
2023-06-15,107.502602
2023-06-16,107.410917
2023-06-20,107.795588
2023-06-21,107.859637
2023-06-22,107.151791
2023-06-23,107.505827
2023-06-26,107.694002
2023-06-27,107.541692
2023-06-28,107.982369
2023-06-29,107.069042
2023-06-30,107.840396
2023-07-03,107.234613
2023-07-05,106.642591
2023-07-06,105.555449
2023-07-07,105.484838
2023-07-10,105.807446
2023-07-11,106.242857
2023-07-12,107.353008
2023-07-13,108.15299
2023-07-14,107.552961
2023-07-17,107.456643
2023-07-18,107.766552
2023-07-19,108.358162
2023-07-20,107.48602
2023-07-21,107.636502
2023-07-24,107.56851
2023-07-25,107.600923
2023-07-26,107.912947
2023-07-27,106.9551
2023-07-28,107.447495
2023-07-31,107.720465
2023-08-01,106.354735
2023-08-02,105.685349
2023-08-03,104.695421
2023-08-04,105.858682
2023-08-07,105.532419
2023-08-08,105.94017
2023-08-09,106.131587
2023-08-10,105.311988
2023-08-11,104.895559
2023-08-14,104.823739
2023-08-15,104.455772
2023-08-16,103.931282
2023-08-17,103.685699
2023-08-18,103.862654
2023-08-21,103.368663
2023-08-22,103.644844
2023-08-23,105.076606
2023-08-24,104.765833
2023-08-25,104.842699
2023-08-28,105.181704
2023-08-29,105.935433
2023-08-30,105.934846
2023-08-31,106.088346
2023-09-01,104.914686
2023-09-05,104.212167
2023-09-06,103.976969
2023-09-07,104.372617
2023-09-08,104.633735
2023-09-11,104.459553
2023-09-12,104.497358
2023-09-13,104.567323
2023-09-14,104.436457
2023-09-15,104.130475
2023-09-18,104.3818
2023-09-19,104.075969
2023-09-20,104.199958
2023-09-21,103.105094
2023-09-22,103.758091
2023-09-25,102.852338
2023-09-26,102.626235
2023-09-27,102.04347
2023-09-28,102.131111
2023-09-29,102.107708
2023-10-02,100.707856
2023-10-03,99.504615
2023-10-04,100.265004
2023-10-05,100.229135
2023-10-06,99.730602
2023-10-09,99.769928
2023-10-10,101.135451
2023-10-11,101.819501
2023-10-12,100.654434
2023-10-13,101.345031
2023-10-16,100.73449
2023-10-17,99.811137
2023-10-18,99.094896
2023-10-19,98.291797
2023-10-20,98.584618
2023-10-23,99.362465
2023-10-24,99.954348
2023-10-25,98.956745
2023-10-26,99.74231
2023-10-27,99.704056
2023-10-30,99.359244
2023-10-31,99.181151
2023-11-01,99.969227
2023-11-02,101.124903
2023-11-03,101.896749
2023-11-06,101.37089
2023-11-07,102.020077
2023-11-08,102.677881
2023-11-09,101.499466
2023-11-10,101.904558
2023-11-13,102.062679
2023-11-14,103.775229
2023-11-15,103.045428
2023-11-16,103.79712
2023-11-17,104.169424
2023-11-20,104.591634
2023-11-21,104.666504
2023-11-22,104.948833
2023-11-24,104.558111
2023-11-27,105.452693
2023-11-28,105.753979
2023-11-29,106.729557
2023-11-30,106.219963
2023-12-01,106.979559
2023-12-04,106.640557
2023-12-05,107.405476
2023-12-06,108.007662
2023-12-07,107.721265
2023-12-08,107.218588
2023-12-11,107.237373
2023-12-12,107.674905
2023-12-13,109.591076
2023-12-14,110.581468
2023-12-15,110.347066
2023-12-18,109.854382
2023-12-19,110.014141
2023-12-20,110.31061
2023-12-21,110.025477
2023-12-22,109.92976
2023-12-26,110.064616
2023-12-27,111.154821
2023-12-28,110.838686
2023-12-29,110.518084
2024-01-02,109.771299
2024-01-03,109.618666
2024-01-04,108.888167
2024-01-05,108.609585
2024-01-08,109.194876
2024-01-09,109.353145
2024-01-10,109.38313
2024-01-11,109.97208
2024-01-12,110.199404
2024-01-16,109.196074
2024-01-17,108.931864
2024-01-18,108.819922
2024-01-19,108.93073
2024-01-22,109.206363
2024-01-23,108.802559
2024-01-24,108.637637
2024-01-25,109.18643
2024-01-26,109.137871
2024-01-29,109.649119
2024-01-30,109.767691
2024-01-31,110.288053
2024-02-01,110.618911
2024-02-02,109.351697
2024-02-05,108.373666
2024-02-06,109.095839
2024-02-07,108.730479
2024-02-08,108.305655
2024-02-09,108.048327
2024-02-12,108.080192
2024-02-13,106.880731
2024-02-14,107.351245
2024-02-15,107.834176
2024-02-16,107.457037
2024-02-20,107.732284
2024-02-21,107.455934
2024-02-22,107.717739
2024-02-23,108.035996
2024-02-26,107.680599
2024-02-27,107.432764
2024-02-28,107.50536
2024-02-29,107.642827
2024-03-01,107.77446
2024-03-04,107.717809
2024-03-05,108.230014
2024-03-06,108.64202
2024-03-07,108.793527
2024-03-08,108.947577
2024-03-11,108.918801
2024-03-12,108.617323
2024-03-13,108.470322
2024-03-14,107.610762
2024-03-15,107.613088
2024-03-18,107.673126
2024-03-19,107.874641
2024-03-20,107.934189
2024-03-21,108.1524
2024-03-22,108.631631
2024-03-25,108.329605
2024-03-26,108.300542
2024-03-27,108.727598
2024-03-28,108.890623
2024-03-29,108.890623
2024-03-31,108.890623
2024-04-01,107.415207
2024-04-02,107.257078
2024-04-03,107.393167
2024-04-04,107.603748
2024-04-05,106.881967
2024-04-08,106.926187
2024-04-09,107.506984
2024-04-10,106.017924
2024-04-11,105.815053
2024-04-12,105.954091
2024-04-15,105.014777
2024-04-16,104.464686
2024-04-17,105.183428
2024-04-18,104.835366
2024-04-19,104.998386
2024-04-22,105.170554
2024-04-23,105.453501
2024-04-24,105.045252
2024-04-25,104.63464
2024-04-26,105.055833
2024-04-29,105.554067
2024-04-30,104.965731
2024-05-01,105.03564
2024-05-02,105.556364
2024-05-03,106.24051
2024-05-06,106.556225
2024-05-07,106.746557
2024-05-08,106.383088
2024-05-09,106.605135
2024-05-10,106.206617
2024-05-13,106.336635
2024-05-14,106.685262
2024-05-15,107.585872
2024-05-16,107.381027
2024-05-17,107.151473
2024-05-20,106.967237
2024-05-21,107.249115
2024-05-22,107.098087
2024-05-23,106.66695
2024-05-24,106.878014
2024-05-28,106.295134
2024-05-29,105.676481
2024-05-30,106.326622
2024-05-31,106.84018
2024-06-03,107.208764
2024-06-04,107.619224
2024-06-05,107.940304
2024-06-06,107.885194
2024-06-07,106.907706
2024-06-10,106.708836
2024-06-11,107.173929
2024-06-12,107.828768
2024-06-13,108.411402
2024-06-14,108.396894
2024-06-17,107.88635
2024-06-18,108.414158
2024-06-20,107.950498
2024-06-21,107.921792
2024-06-24,108.311011
2024-06-25,108.224488
2024-06-26,107.470873
2024-06-27,107.815633
2024-06-28,107.075751
2024-07-01,106.084457
2024-07-02,106.644091
2024-07-03,107.30774
2024-07-05,108.014284
2024-07-08,108.11888
2024-07-09,107.875815
2024-07-10,107.987778
2024-07-11,108.626617
2024-07-12,109.002371
2024-07-15,108.581632
2024-07-16,109.084517
2024-07-17,109.131821
2024-07-18,108.752993
2024-07-19,108.327205
2024-07-22,108.321841
2024-07-23,108.209881
2024-07-24,107.61136
2024-07-25,107.908968
2024-07-26,108.507696
2024-07-29,108.738321
2024-07-30,108.815503
2024-07-31,109.631785
2024-08-01,109.463495
2024-08-02,110.653609
2024-08-05,110.154214
2024-08-06,109.699042
2024-08-07,109.220424
2024-08-08,109.162016
2024-08-09,109.683362
2024-08-12,109.909952
2024-08-13,110.582022
2024-08-14,111.106406
2024-08-15,110.84509
2024-08-16,111.041605
2024-08-19,111.3318
2024-08-20,111.662589
2024-08-21,111.919381
2024-08-22,111.368581
2024-08-23,111.995524
2024-08-26,111.887012
2024-08-27,111.820148
2024-08-28,111.629441
2024-08-29,111.475738
2024-08-30,111.039937
2024-09-03,111.174965
2024-09-04,111.847511
2024-09-05,112.19901
2024-09-06,112.26169
2024-09-09,112.57824
2024-09-10,112.873174
2024-09-11,112.857364
2024-09-12,112.813092
2024-09-13,113.148505
2024-09-16,113.705516
2024-09-17,113.593496
2024-09-18,113.16111
2024-09-19,113.347639
2024-09-20,113.184195
2024-09-23,113.212447
2024-09-24,113.466787
2024-09-25,112.717714
2024-09-26,112.741714
2024-09-27,113.159245
2024-09-30,112.918435
2024-10-01,112.889373
2024-10-02,112.691243
2024-10-03,112.170931
2024-10-04,111.387294
2024-10-07,110.966734
2024-10-08,111.041971
2024-10-09,110.794682
2024-10-10,110.79386
2024-10-11,110.723247
2024-10-14,110.76489
2024-10-15,111.353622
2024-10-16,111.574587
2024-10-17,110.867568
2024-10-18,110.751396
2024-10-21,109.600216
2024-10-22,109.576231
2024-10-23,109.200604
2024-10-24,109.502272
2024-10-25,109.297585
2024-10-28,109.170866
2024-10-29,109.309632
2024-10-30,109.281822
2024-10-31,109.079727
2024-11-01,107.993536
2024-11-04,108.798955
2024-11-05,109.192665
2024-11-06,108.150649
2024-11-07,109.366468
2024-11-08,109.816673
2024-11-11,109.73289
2024-11-12,108.662276
2024-11-13,108.260647
2024-11-14,108.169246
2024-11-15,108.071966
2024-11-18,108.461882
2024-11-19,108.619388
2024-11-20,108.304426
2024-11-21,108.285234
2024-11-22,108.254313
2024-11-25,109.686377
2024-11-26,109.361293
2024-11-27,109.693523
2024-11-29,110.472748
2024-12-02,110.247121
2024-12-03,109.929746
2024-12-04,110.469801
2024-12-05,110.445764
2024-12-06,110.638125
2024-12-09,110.325236
2024-12-10,110.196787
2024-12-11,109.913407
2024-12-12,109.201394
2024-12-13,108.692543
2024-12-16,108.837069
2024-12-17,108.776051
2024-12-18,107.42531
2024-12-19,106.669268
2024-12-20,106.995729
2024-12-23,106.590128
2024-12-24,106.78487
2024-12-26,106.958637
2024-12-27,106.569299
2024-12-30,107.093277
2024-12-31,106.84139
2025-01-02,106.83769
2025-01-03,106.579859
2025-01-06,106.339254
2025-01-07,105.758254
2025-01-08,105.965913
2025-01-10,105.280342
2025-01-13,105.135522
2025-01-14,105.127181
2025-01-15,106.433465
2025-01-16,106.699327
2025-01-17,106.711116
2025-01-21,107.351716
2025-01-22,107.103221
2025-01-23,106.8127
2025-01-24,107.081425
2025-01-27,107.753671
2025-01-28,107.761401
2025-01-29,107.491384
2025-01-30,107.7077
2025-01-31,107.405948
2025-02-03,107.179214
2025-02-04,107.504487
2025-02-05,108.178695
2025-02-06,107.978464
2025-02-07,107.5043
2025-02-10,107.53126
2025-02-11,107.320424
2025-02-12,106.698283
2025-02-13,107.60064
2025-02-14,108.016229
2025-02-18,107.545645
2025-02-19,107.66183
2025-02-20,107.808175
2025-02-21,108.236322
2025-02-24,108.533476
2025-02-25,109.345864
2025-02-26,109.548927
2025-02-27,109.162009
2025-02-28,109.469426
2025-03-03,109.484363
2025-03-04,109.051995
2025-03-05,108.743576
2025-03-06,108.446728
2025-03-07,108.213135
2025-03-10,108.663386
2025-03-11,108.104811
2025-03-12,107.716824
2025-03-13,107.973071
2025-03-14,107.937793
2025-03-17,108.267606
2025-03-18,108.448397
2025-03-19,109.030198
2025-03-20,109.040587
2025-03-21,108.710864
2025-03-24,108.239838
2025-03-25,108.36807
2025-03-26,107.926335
2025-03-27,107.778702
2025-03-28,108.391931
2025-03-31,108.668821
2025-04-01,108.585153
2025-04-02,108.709232
2025-04-03,108.82491
2025-04-04,108.623013
2025-04-07,106.635783
2025-04-08,105.544196
2025-04-09,106.038519
2025-04-10,105.029527
2025-04-11,104.969008
2025-04-14,105.955281
2025-04-15,106.295428
2025-04-16,106.767788
2025-04-17,106.632349
2025-04-21,105.526827
2025-04-22,105.90409
2025-04-23,106.463159
2025-04-24,107.344285
2025-04-25,107.941781
2025-04-28,108.254009
2025-04-29,108.428184
2025-04-30,107.990359
2025-05-01,107.178349
2025-05-02,106.834831
2025-05-05,106.639567
2025-05-06,106.85894
2025-05-07,107.127174
2025-05-08,106.683649
2025-05-09,106.683478
2025-05-12,106.53571
2025-05-13,106.603078
2025-05-14,106.119519
2025-05-15,106.747197
2025-05-16,106.941181
2025-05-19,106.987977
2025-05-20,106.792216
2025-05-21,105.693664
2025-05-22,106.125824
2025-05-23,106.186872
2025-05-27,107.181933
2025-05-28,106.940099
2025-05-29,107.413235
2025-05-30,107.625106
2025-06-02,106.921948
2025-06-03,107.077241
2025-06-04,107.843984
2025-06-05,107.548689
2025-06-06,106.948967
2025-06-09,107.209682
2025-06-10,107.422349
2025-06-11,107.785869
2025-06-12,108.368808
2025-06-13,107.720886
2025-06-16,107.529712
2025-06-17,107.940805
2025-06-18,108.026732
2025-06-20,108.078271
2025-06-23,108.284733
2025-06-24,108.84247
2025-06-25,108.800576
2025-06-26,109.085514
2025-06-27,108.888074
2025-06-30,109.557185
2025-07-01,109.310439
2025-07-02,109.215175
2025-07-03,108.980673
2025-07-07,108.3955
2025-07-08,108.195552
2025-07-09,108.639356
2025-07-10,108.736176
2025-07-11,108.031194
2025-07-14,108.007051
2025-07-15,107.687995
2025-07-16,107.93108
2025-07-17,108.008599
2025-07-18,108.201946
2025-07-21,108.665999
2025-07-22,108.872769
2025-07-23,108.693289
2025-07-24,108.647817
2025-07-25,108.996076
2025-07-28,108.73846
2025-07-29,109.431726
2025-07-30,109.08632
2025-07-31,109.182674
2025-08-01,109.55106
2025-08-04,109.745402
2025-08-05,109.818943
2025-08-06,109.779012
2025-08-07,109.725124
2025-08-08,109.405304
2025-08-11,109.520981
2025-08-12,109.545569
2025-08-13,110.163273
2025-08-14,109.772599
2025-08-15,109.651107
2025-08-18,109.49675
2025-08-19,109.694044
2025-08-20,109.723733
2025-08-21,109.33992
2025-08-22,110.092476
2025-08-25,109.930658
2025-08-26,109.924558
2025-08-27,109.960711
2025-08-28,110.206172
2025-08-29,109.770416
2025-09-02,109.037743
2025-09-03,109.653265
2025-09-04,110.334834
2025-09-05,111.079553
2025-09-08,111.576963
2025-09-09,111.271438
2025-09-10,111.709541
2025-09-11,112.11504
2025-09-12,111.932936
2025-09-15,112.257169
2025-09-16,112.272585
2025-09-17,111.979344
2025-09-18,111.683663
2025-09-19,111.702899
2025-09-22,111.44722
2025-09-23,111.679539
2025-09-24,111.281708
2025-09-25,111.01731
2025-09-26,111.112974
2025-09-29,111.565871
2025-09-30,111.44027
2025-10-01,111.379331
2025-10-02,111.623485
2025-10-03,111.45737
2025-10-06,111.150342
2025-10-07,111.324743
2025-10-08,111.296052
2025-10-09,111.033886
2025-10-10,111.424355
2025-10-13,111.606447
2025-10-14,112.025907
2025-10-15,112.031395
2025-10-16,112.341543
2025-10-17,112.204977
2025-10-20,112.518329
2025-10-21,112.666053
2025-10-22,112.627052
2025-10-23,112.473904
2025-10-24,112.652465
2025-10-27,112.877745
2025-10-28,112.872217
2025-10-29,112.18928
2025-10-30,111.700108
2025-10-31,111.310045
2025-11-03,110.568386
2025-11-04,110.768904
2025-11-05,110.395391
2025-11-06,110.870674
2025-11-07,110.650637
2025-11-10,110.73529
2025-11-11,110.625638
2025-11-12,111.047123
2025-11-13,110.532898
2025-11-14,110.301882
2025-11-17,110.348724
2025-11-18,110.416679
2025-11-19,110.390241
2025-11-20,110.625156
2025-11-21,110.838493
2025-11-24,111.2408
2025-11-25,111.61877
2025-11-26,111.954544
2025-11-28,111.782235
2025-12-01,110.781537
2025-12-02,110.918372
2025-12-03,111.10813
2025-12-04,110.906919
2025-12-05,110.732933
2025-12-08,110.577311
2025-12-09,110.44814
2025-12-10,110.894356
2025-12-11,110.813686
2025-12-12,110.171856
2025-12-15,110.255669
2025-12-16,110.480431
2025-12-17,110.458527
2025-12-18,110.777794
2025-12-19,110.104924
2025-12-22,110.086789
2025-12-23,110.176109
2025-12-24,110.34333
2025-12-26,110.562628
2025-12-29,110.723725
2025-12-30,110.625326
2025-12-31,110.29305
2026-01-02,110.114645
2026-01-05,110.403868
2026-01-06,110.433335
2026-01-07,110.574754
2026-01-08,110.237052
2026-01-09,110.594247
2026-01-12,110.471223
2026-01-13,110.671828
2026-01-14,110.969883
2026-01-15,110.88805
2026-01-16,110.573931
2026-01-20,109.961613
2026-01-21,110.504017
2026-01-22,110.75918
2026-01-23,110.773627
2026-01-26,110.920411
2026-01-27,110.72776
2026-01-28,110.636109
2026-01-29,110.641464
2026-01-30,110.555945
2026-02-02,110.082262
2026-02-03,110.102553
2026-02-04,109.966579
2026-02-05,110.490937
2026-02-06,110.440867
2026-02-09,110.521549
2026-02-10,110.883033
2026-02-11,110.69205
2026-02-12,111.299385
2026-02-13,111.509613
2026-02-17,111.617464
2026-02-18,111.502245
2026-02-19,111.557626
2026-02-20,111.567985
2026-02-23,111.671581
2026-02-24,111.62679
2026-02-25,111.594421
2026-02-26,111.658185
2026-02-27,111.683706
2026-03-02,110.859309
2026-03-03,110.86551
2026-03-04,110.928685
2026-03-05,110.445839
2026-03-06,110.133433
2026-03-09,110.668174
2026-03-10,110.084177
2026-03-11,109.137854
2026-03-12,108.503227
2026-03-13,108.183041
2026-03-16,108.669756
2026-03-17,109.209989
2026-03-18,108.812737
2026-03-19,109.09436
2026-03-20,107.896151
2026-03-23,108.565539
2026-03-24,108.370694
2026-03-25,108.834564
2026-03-26,107.950282
2026-03-27,107.581987
2026-03-30,108.314055
2026-03-31,108.87198
2026-04-01,108.562737
2026-04-02,108.978128
2026-04-06,108.967001
2026-04-07,108.962557
2026-04-08,109.370742
2026-04-09,109.399148
2026-04-10,109.161107
2026-04-13,109.537277
2026-04-14,109.986264
2026-04-15,109.819064
2026-04-16,109.42424
2026-04-17,110.019836
2026-04-20,109.961863
2026-04-21,109.594233
2026-04-22,109.785895
2026-04-23,109.559999
2026-04-24,109.639738
2026-04-27,109.298835
2026-04-28,109.2282
2026-04-29,108.70677
2026-04-30,108.800947
2026-05-01,108.623552
2026-05-04,108.292665
2026-05-05,108.635192
2026-05-06,109.164697
2026-05-07,108.714892
2026-05-08,109.06743
2026-05-11,108.850689
2026-05-12,108.474756
2026-05-13,108.539729
2026-05-14,108.557684
2026-05-15,107.737856
2026-05-18,107.646174
2026-05-19,107.136549
2026-05-20,107.929856
2026-05-21,108.11924
2026-05-22,108.325637
2026-05-26,108.781093
2026-05-27,108.877631
2026-05-28,109.211123
2026-05-29,109.334482
2026-06-01,108.886287
2026-06-02,108.919787
2026-06-03,108.628689
2026-06-04,108.812231
2026-06-05,108.213428
2026-06-08,108.030684
2026-06-09,108.349114
2026-06-10,108.175525
2026-06-11,109.002017
2026-06-12,108.897641
2026-06-15,108.979261
2026-06-16,109.122454
2026-06-17,108.777196
2026-06-18,109.048532
2026-06-22,108.69736
2026-06-23,108.867994
2026-06-24,109.436772
2026-06-25,109.439276
2026-06-26,109.467807
2026-06-29,109.66905
2026-06-30,109.03239
2026-07-01,108.417156
2026-07-02,108.450548
2026-07-06,108.576035
2026-07-07,107.765426
2026-07-08,107.607054
2026-07-09,107.71849
2026-07-10,107.485593
2026-07-13,107.005142
2026-07-14,107.144476
2026-07-15,107.512042
2026-07-16,107.511253
2026-07-17,107.527174
2026-07-20,107.146101
2026-07-21,106.832688
2026-07-22,106.637982
2026-07-23,106.218004
2026-07-24,106.239871
2026-07-27,106.497623
2026-07-28,106.794018
2026-07-29,106.164099
2026-07-30,106.399571
2026-07-31,106.119272
2026-08-03,106.071933
2026-08-04,106.692998
2026-08-05,106.731656
2026-08-06,106.303266
2026-08-07,106.497921
2026-08-10,105.944296
2026-08-11,105.997184
2026-08-12,106.112479
2026-08-13,106.549858
2026-08-14,106.080332
2026-08-17,105.681409
2026-08-18,105.825337
2026-08-19,106.563077
2026-08-20,106.045946
2026-08-21,105.847134
2026-08-24,106.135687
2026-08-25,106.803575
2026-08-26,106.743069
2026-08-27,106.705611
2026-08-28,106.348373
2026-08-31,106.137172
2026-09-01,105.265844
2026-09-02,105.353297
2026-09-03,105.468645
2026-09-04,105.479483
2026-09-08,105.459321
2026-09-09,105.264289
2026-09-10,104.425911
2026-09-11,104.339939
2026-09-14,104.323014
2026-09-15,104.255818
2026-09-16,104.404212
